min,sec,v
0,30,5.87
1,0,1.235
1,30,-14.327
2,0,-2.036
2,30,10.814
3,0,-1.246
3,30,-4.539
4,0,4.502
4,30,-1.146
5,0,-1.633
5,30,5.724
6,0,2.019
6,30,-4.7139999999999995
7,0,-12.012
7,30,-2.34
8,0,7.066
8,30,-4.676
9,0,-4.136
9,30,4.437
10,0,0.488
10,30,-0.9259999999999999
11,0,4.6339999999999995
11,30,2.928
12,0,-2.602
12,30,-5.0089999999999995
13,0,-3.3310000000000004
13,30,2.529
14,0,-1.561
14,30,-1.499
15,0,3.79
15,30,-1.3619999999999999
16,0,-4.181
16,30,-0.737
17,0,2.678
17,30,-1.159
18,0,0.349
18,30,5.346
19,0,2.353
19,30,-1.975
20,0,-6.686
20,30,-3.272
21,0,2.1430000000000002
21,30,-9.752
22,0,-5.733
22,30,1.7480000000000002
23,0,-0.237
23,30,4.746
24,0,6.782
24,30,-5.442
25,0,-4.9030000000000005
25,30,0.677
26,0,1.614
26,30,1.4709999999999999
27,0,-4.023
27,30,2.374
28,0,2.9539999999999997
28,30,-5.166
29,0,2.0909999999999997
29,30,5.113
30,0,-5.394
30,30,-2.456
31,0,1.921
31,30,-2.239
32,0,-1.0190000000000001
32,30,0.72
33,0,-1.8159999999999998
33,30,0.509
34,0,-4.378
34,30,-4.476
35,0,5.827000000000001
35,30,2.169
36,0,-1.245
36,30,2.23
37,0,-2.5140000000000002
37,30,-2.526
38,0,0.8170000000000001
38,30,0.9179999999999999
39,0,-1.253
39,30,-4.272
40,0,-0.32799999999999996
40,30,-1.3619999999999999
41,0,-2.026
41,30,2.234
42,0,3.201
42,30,-2.153
43,0,-1.831
43,30,0.46
44,0,-0.7509999999999999
44,30,-0.016
45,0,0.66
45,30,-2.194
46,0,-4.095
46,30,0.779
47,0,3.682
47,30,-4.391
48,0,-5.1739999999999995
48,30,0.835
49,0,1.213
49,30,-1.929
50,0,0.052000000000000005
50,30,6.971
51,0,-0.05
51,30,-7.864
52,0,-4.756
52,30,6.874
53,0,-3.06
53,30,-3.3680000000000003
54,0,11.050999999999998
54,30,-7.346
55,0,-12.84
55,30,-3.457
56,0,0.162
56,30,14.395
57,0,6.426
57,30,-2.61
58,0,1.8119999999999998
58,30,-3.23
59,0,-4.419
59,30,0.627
60,0,-0.63
60,30,-5.3729999999999976
61,0,-3.4339999999999997
61,30,-3.325
62,0,-3.7539999999999996
62,30,-2.149
63,0,4.763999999999999
63,30,9.59
64,0,1.2329999999999999
64,30,-3.358
65,0,4.43
65,30,0.257
66,0,-5.787000000000001
66,30,-1.515
67,0,-3.966
67,30,-6.787000000000001
68,0,0.986
68,30,0.556
69,0,-0.8240000000000001
69,30,3.8989999999999996
70,0,-1.518
70,30,0.7559999999999999
71,0,3.7969999999999997
71,30,-0.57
72,0,0.836
72,30,-1.974
73,0,-5.65
73,30,-0.564
74,0,2.431
74,30,-1.156
75,0,1.575
75,30,-0.10099999999999999
76,0,-10.215
76,30,-1.06
77,0,4.923
77,30,2.28
78,0,0.114
78,30,-0.223
79,0,-6.318
79,30,-1.42
80,0,8.986
80,30,2.6
81,0,-0.823
81,30,0.125
82,0,-7.149
82,30,-6.104
83,0,-5.223
83,30,-5.747000000000001
84,0,-0.504
84,30,-0.163
85,0,2.2030000000000003
85,30,-2.0069999999999997
86,0,4.438
86,30,10.628
87,0,1.222
87,30,0.41
88,0,-3.2239999999999998
88,30,-7.487
89,0,-11.952
89,30,-9.535
90,0,6.676
90,30,9.213
91,0,-2.656
91,30,-3.48
92,0,3.835
92,30,-0.15
93,0,-3.43
93,30,5.475
94,0,3.813
94,30,-5.952999999999999
95,0,-5.206
95,30,3.7739999999999996
96,0,-4.8389999999999995
96,30,-11.312999999999999
97,0,0.301
97,30,3.4939999999999998
98,0,-3.076
98,30,0.8759999999999999
99,0,4.287
99,30,1.455
100,0,3.615
100,30,3.156
101,0,0.674
101,30,-4.718
102,0,-3.783
102,30,-2.419
103,0,-8.14
103,30,-6.92
104,0,3.54
104,30,3.7310000000000003
105,0,-3.327
105,30,1.218
106,0,10.342
106,30,1.295
107,0,-2.134
107,30,4.662
108,0,4.023
108,30,-5.1720000000000015
109,0,-8.211
109,30,0.016
110,0,-2.4130000000000003
110,30,-6.5889999999999995
111,0,-3.6839999999999997
111,30,-2.4419999999999997
112,0,3.7910000000000004
112,30,11.622
113,0,9.324
113,30,-3.7510000000000003
114,0,-9.602
114,30,4.033
115,0,-0.903
115,30,-11.112
116,0,2.6210000000000004
116,30,2.471
117,0,-2.379
117,30,0.8
118,0,1.859
118,30,1.4469999999999998
119,0,-2.438
119,30,2.492
120,0,2.138
120,30,-7.312
121,0,-12.091
121,30,4.456
122,0,7.678
122,30,-8.572000000000001
123,0,-3.315
123,30,-2.596
124,0,-4.56
124,30,4.598
125,0,2.81
125,30,3.286
126,0,3.555
126,30,-4.994
127,0,-3.7710000000000004
127,30,4.37
128,0,-0.37799999999999995
128,30,-3.1439999999999997
129,0,-0.556
129,30,-6.0829999999999975
130,0,-3.02
130,30,2.495
131,0,-2.526
131,30,2.83
132,0,0.23399999999999999
132,30,-7.2970000000000015
133,0,3.0410000000000004
133,30,5.273
134,0,-2.707
134,30,1.73
135,0,1.305
135,30,-3.411
136,0,-1.465
136,30,-0.23600000000000002
137,0,-1.935
137,30,-1.796
138,0,-2.832
138,30,-2.635
139,0,-2.6710000000000003
139,30,0.498
140,0,4.513999999999999
140,30,6.343
141,0,0.081
141,30,-4.207
142,0,-1.788
142,30,1.838
143,0,1.043
143,30,-0.292
144,0,-1.527
144,30,-3.113
145,0,-0.858
145,30,-2.742
146,0,2.6289999999999996
146,30,5.379
147,0,-1.21
147,30,-2.399
148,0,1.131
148,30,-1.376
149,0,-1.033
149,30,-1.626
150,0,1.8969999999999998
150,30,0.192
151,0,-1.2409999999999999
151,30,-2.841
152,0,-1.5390000000000001
152,30,5.385
153,0,0.22899999999999998
153,30,-5.4910000000000005
154,0,-0.882
154,30,-0.932
155,0,-1.78
155,30,4.988
156,0,-1.525
156,30,0.096
157,0,3.0789999999999997
157,30,-2.367
158,0,-4.598
158,30,-3.7430000000000003
159,0,-1.02
159,30,5.149
160,0,3.187
160,30,-4.0310000000000015
161,0,-6.454
161,30,-2.575
162,0,1.893
162,30,3.701
163,0,3.654
163,30,-0.155
164,0,-1.84
164,30,-1.0979999999999999
165,0,1.19
165,30,-0.5379999999999999
166,0,3.8789999999999996
166,30,2.8930000000000002
167,0,1.505
167,30,-0.195
168,0,3.8810000000000002
168,30,7.44
169,0,2.524
169,30,-1.819
170,0,-1.239
170,30,0.7659999999999999
171,0,-1.0959999999999999
171,30,1.276
172,0,2.365
172,30,0.799
173,0,-1.5859999999999999
173,30,-5.13
174,0,-12.329
174,30,-8.352
175,0,-8.626
175,30,-5.6160000000000005
176,0,-0.657
176,30,16.36
177,0,-3.8560000000000003
177,30,2.659
178,0,13.365
178,30,-37.029
179,0,-26.271
179,30,2.7430000000000003
180,0,-13.599
180,30,2.8160000000000003
181,0,12.677999999999999
181,30,-20.605
182,0,3.542
182,30,36.909
183,0,19.809
183,30,-11.714
184,0,-4.82
184,30,5.441
185,0,3.588
185,30,-7.164
186,0,-6.733
186,30,-3.551
187,0,-9.884
187,30,-15.822000000000001
188,0,4.7860000000000005
188,30,20.014
189,0,2.648
189,30,-4.552
190,0,7.657999999999999
190,30,8.435
191,0,-1.994
191,30,-5.157
192,0,2.48
192,30,1.814
193,0,-8.538
193,30,-9.956
194,0,-0.56
194,30,4.518
195,0,2.428
195,30,-0.10400000000000001
196,0,-4.8660000000000005
196,30,-3.304
197,0,1.516
197,30,0.735
198,0,-1.577
198,30,-2.077
199,0,-2.818
199,30,-1.58
200,0,-0.385
200,30,0.657
201,0,1.371
201,30,2.331
202,0,0.20199999999999999
202,30,-3.487
203,0,1.3869999999999998
203,30,1.821
204,0,2.531
204,30,3.109
205,0,-3.4789999999999996
205,30,-3.971
206,0,1.464
206,30,-0.38799999999999996
207,0,1.368
207,30,3.525
208,0,-1.791
208,30,-2.129
209,0,-3.859
209,30,-2.353
210,0,4.202
210,30,3.995
211,0,1.42
211,30,1.524
212,0,-4.6819999999999995
212,30,-5.893
213,0,1.011
213,30,2.3
214,0,0.242
214,30,1.964
215,0,-1.611
215,30,-4.397
216,0,-0.31
216,30,0.413
217,0,-0.7609999999999999
217,30,4.078
218,0,0.10300000000000001
218,30,-6.3729999999999976
219,0,-5.415
219,30,-0.899
220,0,5.162999999999999
220,30,2.94
221,0,-1.652
221,30,-2.5789999999999997
222,0,-4.501
222,30,-1.693
223,0,0.848
223,30,3.0439999999999996
224,0,4.998
224,30,-4.308
225,0,-5.642
225,30,5.785
226,0,5.162999999999999
226,30,3.571
227,0,3.983
227,30,5.601
228,0,6.691
228,30,-0.9179999999999999
229,0,-3.917
229,30,-4.277
230,0,-6.558
230,30,-2.897
231,0,-2.833
231,30,-7.436
232,0,-5.484
232,30,3.304
233,0,-9.652000000000001
233,30,-5.857
234,0,16.645
234,30,-6.385
235,0,-20.57
235,30,0.9740000000000001
236,0,9.832
236,30,-0.253
237,0,3.319
237,30,7.155
238,0,-9.017000000000001
238,30,-10.779000000000002
239,0,4.845
239,30,9.416
240,0,-2.528
240,30,-20.535
241,0,-5.313
241,30,8.274
242,0,-2.056
242,30,-6.6370000000000005
243,0,4.494
243,30,12.357000000000001
244,0,4.0889999999999995
244,30,1.642
245,0,-5.072
245,30,-5.9110000000000005
246,0,2.336
246,30,3.715
247,0,-0.086
247,30,-5.952999999999999
248,0,-4.204
248,30,1.178
249,0,1.994
249,30,0.142
250,0,1.913
250,30,-1.57
251,0,-8.462
251,30,-3.9219999999999997
252,0,7.845
252,30,5.812
253,0,-0.294
253,30,-3.6430000000000002
254,0,0.298
254,30,1.031
255,0,-0.501
255,30,0.141
256,0,-1.443
256,30,-5.666
257,0,-4.21
257,30,5.2589999999999995
258,0,1.681
258,30,-5.9220000000000015
259,0,-3.41
259,30,2.847
260,0,0.9359999999999999
260,30,1.31
261,0,-0.782
261,30,-4.559
262,0,-2.7880000000000003
262,30,0.045
263,0,3.78
263,30,2.076
264,0,-2.1630000000000003
264,30,-1.636
265,0,1.6969999999999998
265,30,-5.001
266,0,-4.935
266,30,2.9560000000000004
267,0,-0.07200000000000001
267,30,-2.697
268,0,1.026
268,30,0.848
269,0,-0.883
269,30,-0.36
270,0,3.338
270,30,1.214
271,0,-3.438
271,30,-4.114
272,0,-0.563
272,30,0.049
273,0,-2.283
273,30,0.068
274,0,1.012
274,30,-1.368
275,0,0.466
275,30,0.447
276,0,-1.38
276,30,-0.055999999999999994
277,0,0.85
277,30,-0.491
278,0,-2.6519999999999997
278,30,-2.5380000000000003
279,0,1.775
279,30,2.085
280,0,-3.9330000000000003
280,30,-3.87
281,0,1.9509999999999998
281,30,1.604
282,0,-3.0989999999999998
282,30,-2.944
283,0,1.788
283,30,-4.363
284,0,-4.2860000000000005
284,30,5.726
285,0,5.745
285,30,-4.882
286,0,-9.572000000000001
286,30,-0.9329999999999999
287,0,11.023
287,30,3.365
288,0,-3.9410000000000003
288,30,0.153
289,0,-2.6319999999999997
289,30,-7.065
290,0,0.726
290,30,4.297
291,0,-0.708
291,30,-4.091
292,0,-1.064
292,30,2.677
293,0,0.33799999999999997
293,30,-1.037
294,0,1.345
294,30,2.006
295,0,0.038
295,30,-3.7239999999999998
296,0,-4.545
296,30,-3.966
297,0,2.8160000000000003
297,30,2.958
298,0,0.597
298,30,1.8980000000000001
299,0,-3.341
299,30,-4.3610000000000015
300,0,3.8760000000000003
300,30,0.068
301,0,-0.9470000000000001
301,30,0.573
302,0,-0.27699999999999997
302,30,-0.732
303,0,-1.8530000000000002
303,30,0.813
304,0,0.9079999999999999
304,30,0.032
305,0,2.1959999999999997
305,30,2.633
306,0,-1.585
306,30,-7.058
307,0,-6.439
307,30,1.761
308,0,2.991
308,30,1.69
309,0,0.009000000000000001
309,30,1.135
310,0,4.002
310,30,-1.351
311,0,-4.019
311,30,0.40299999999999997
312,0,1.8119999999999998
312,30,0.42
313,0,0.018000000000000002
313,30,-1.129
314,0,-7.6720000000000015
314,30,-2.908
315,0,3.674
315,30,-0.252
316,0,-2.9160000000000004
316,30,-1.2770000000000001
317,0,-0.758
317,30,4.027
318,0,8.606
318,30,7.752999999999999
319,0,-3.36
319,30,-8.865
320,0,-7.752999999999999
320,30,-7.095
321,0,1.983
321,30,5.655
322,0,0.961
322,30,-1.151
323,0,-4.784
323,30,-4.51
324,0,4.32
324,30,4.13
325,0,-0.67
325,30,-1.159
326,0,-2.75
326,30,-3.0210000000000004
327,0,-0.675
327,30,-2.654
328,0,-0.26
328,30,3.055
329,0,-2.8680000000000003
329,30,-3.497
330,0,2.7060000000000004
330,30,-2.381
331,0,-4.138999999999999
331,30,3.44
332,0,3.532
332,30,-3.685
333,0,1.5530000000000002
333,30,-2.3569999999999998
334,0,-8.392999999999999
334,30,1.097
335,0,0.8340000000000001
335,30,-1.421
336,0,1.665
336,30,-2.408
337,0,0.579
337,30,1.808
338,0,-0.835
338,30,2.935
339,0,0.154
339,30,-3.589
340,0,-4.055
340,30,-2.77
341,0,-0.612
341,30,2.551
342,0,-0.6890000000000001
342,30,-0.284
343,0,3.145
343,30,-4.132
344,0,-4.19
344,30,0.841
345,0,-0.153
345,30,3.713
346,0,4.042
346,30,-1.069
347,0,-5.52
347,30,-1.715
348,0,4.848
348,30,-4.251
349,0,-4.167
349,30,3.697
350,0,1.936
350,30,-1.692
351,0,3.964
351,30,0.7170000000000001
352,0,-0.113
352,30,-2.214
353,0,-3.05
353,30,0.264
354,0,1.01
354,30,-0.638
355,0,-2.28
355,30,-0.027999999999999997
356,0,1.046
356,30,3.867
357,0,2.105
357,30,-2.096
358,0,-4.122
358,30,-5.67
359,0,-0.747
359,30,5.122000000000001
360,0,0.311
360,30,-1.694
361,0,-1.2790000000000001
361,30,0.56
362,0,1.8969999999999998
362,30,1.58
363,0,-0.753
363,30,-7.24
364,0,-5.252999999999999
364,30,3.3819999999999997
365,0,5.843
365,30,2.24
366,0,-2.051
366,30,-2.051
367,0,-2.722
367,30,0.069
368,0,0.39
368,30,-0.769
369,0,-3.623
369,30,0.001
370,0,2.099
370,30,1.538
371,0,1.5830000000000002
371,30,-0.887
372,0,-1.162
372,30,-2.464
373,0,-2.557
373,30,0.92
374,0,1.848
374,30,3.7430000000000003
375,0,-1.7369999999999999
375,30,-1.6740000000000002
376,0,-0.147
376,30,-5.386
377,0,-2.615
377,30,2.045
378,0,4.947
378,30,-0.621
379,0,-3.91
379,30,-0.563
380,0,-1.01
380,30,-3.187
381,0,2.039
381,30,5.561
382,0,3.9610000000000003
382,30,-0.038
383,0,-7.1270000000000024
383,30,-4.295
384,0,0.17600000000000002
384,30,-7.162000000000001
385,0,-0.679
385,30,6.733
386,0,0.12
386,30,2.892
387,0,-3.234
387,30,-4.6960000000000015
388,0,9.391
388,30,-3.266
389,0,-5.524
389,30,5.526
390,0,-3.698
390,30,-4.381
391,0,4.698
391,30,-4.865
392,0,-6.55
392,30,1.3119999999999998
393,0,-1.709
393,30,0.442
394,0,3.818
394,30,0.8320000000000001
395,0,1.496
395,30,-0.40299999999999997
396,0,-4.87
396,30,-2.434
397,0,-1.195
397,30,-1.27
398,0,3.5180000000000002
398,30,0.087
399,0,-4.706
399,30,-1.814
400,0,-1.067
400,30,-1.168
401,0,3.975
401,30,0.64
402,0,-7.539
402,30,-2.2430000000000003
403,0,-1.0490000000000002
403,30,-3.222
404,0,-0.483
404,30,0.46799999999999997
405,0,-1.7919999999999998
405,30,-3.428
406,0,-1.271
406,30,5.855
407,0,6.6610000000000005
407,30,-4.57
408,0,-1.544
408,30,5.841
409,0,-4.091
409,30,-5.894
410,0,3.39
410,30,0.82
411,0,-4.323
411,30,2.033
412,0,1.133
412,30,-5.546
413,0,-2.764
413,30,2.086
414,0,2.752
414,30,2.8819999999999997
415,0,1.537
415,30,-3.21
416,0,-6.4060000000000015
416,30,-4.775
417,0,0.18100000000000002
417,30,1.3090000000000002
418,0,2.319
418,30,2.67
419,0,0.341
419,30,-4.801
420,0,-3.758
420,30,3.8
421,0,-0.013000000000000001
421,30,-1.7309999999999999
422,0,5.81
422,30,0.555
423,0,-8.707
423,30,-4.53
424,0,0.5870000000000001
424,30,0.6629999999999999
425,0,5.3820000000000014
425,30,2.114
426,0,-2.721
426,30,0.408
427,0,-1.474
427,30,-2.428
428,0,0.008
428,30,-2.225
429,0,-5.513
429,30,-2.326
430,0,1.025
430,30,1.107
431,0,4.543
431,30,-0.8370000000000001
432,0,-3.9789999999999996
432,30,1.643
433,0,1.347
433,30,0.772
434,0,-0.473
434,30,-3.859
435,0,-1.9169999999999998
435,30,2.1180000000000003
436,0,-1.044
436,30,0.441
437,0,-1.617
437,30,-3.66
438,0,5.8370000000000015
438,30,7.4579999999999975
439,0,-1.506
439,30,-6.324
440,0,-7.171
440,30,-1.229
441,0,5.931
441,30,5.083
442,0,0.17300000000000001
442,30,-1.119
443,0,-4.9860000000000015
443,30,-2.3609999999999998
444,0,3.832
444,30,1.874
445,0,-0.024
445,30,0.32799999999999996
446,0,-2.8789999999999996
446,30,-4.535
447,0,-3.6010000000000004
447,30,0.7040000000000001
448,0,3.688
448,30,0.946
449,0,0.064
449,30,-2.025
450,0,-6.784
450,30,1.663
451,0,7.013999999999999
451,30,0.39899999999999997
452,0,-0.622
452,30,-1.109
453,0,-4.562
453,30,-1.966
454,0,0.759
454,30,0.233
455,0,-0.701
455,30,-3.053
456,0,-1.608
456,30,0.377
457,0,0.7170000000000001
457,30,1.646
458,0,3.5639999999999996
458,30,0.597
459,0,-0.47600000000000003
459,30,0.068
460,0,-2.0909999999999997
460,30,-7.272
461,0,-1.2930000000000001
461,30,1.04
462,0,-5.749
462,30,-2.68
463,0,5.8260000000000005
463,30,0.07200000000000001
464,0,-3.1660000000000004
464,30,-0.35700000000000004
465,0,6.712999999999999
465,30,0.547
466,0,-10.445
466,30,12.834000000000001
467,0,8.199
467,30,-17.399
468,0,-5.252000000000002
468,30,-0.6
469,0,-2.103
469,30,1.429
470,0,0.748
470,30,4.013999999999999
471,0,-0.307
471,30,-0.377
472,0,1.3980000000000001
472,30,3.633
473,0,3.042
473,30,-2.233
474,0,-6.789
474,30,-9.535
475,0,2.258
475,30,5.705
476,0,-3.137
476,30,-0.27899999999999997
477,0,-0.08
477,30,2.86
478,0,2.725
478,30,-2.1790000000000003
479,0,-1.12
479,30,2.0780000000000003
480,0,-1.1079999999999999
480,30,-2.463
481,0,1.86
481,30,-4.084
482,0,-6.766
482,30,0.613
483,0,2.591
483,30,2.406
484,0,2.8560000000000003
484,30,0.406
485,0,0.5539999999999999
485,30,-0.043
486,0,-3.903
486,30,-0.11800000000000001
487,0,-0.5720000000000001
487,30,-4.478
488,0,2.068
488,30,2.353
489,0,-5.38
489,30,-0.813
490,0,3.907
490,30,-1.454
491,0,-0.294
491,30,1.1059999999999999
492,0,-0.331
492,30,0.045
493,0,-1.983
493,30,0.114
494,0,-1.9509999999999998
494,30,-5.12
495,0,1.193
495,30,4.265
496,0,-1.288
496,30,-2.148
497,0,0.529
497,30,-2.843
498,0,-2.415
498,30,2.878
499,0,1.7730000000000001
499,30,-1.882
500,0,-1.9780000000000002
500,30,1.604
501,0,0.517
501,30,-1.902
502,0,-1.71
502,30,-0.067
503,0,-0.888
503,30,-1.994
504,0,2.477
504,30,-1.68
505,0,-1.5090000000000001
505,30,-0.154
506,0,-4.283
506,30,-1.193
507,0,5.292999999999998
507,30,0.763
508,0,-1.1159999999999999
508,30,-2.146
509,0,-0.018000000000000002
509,30,1.147
510,0,-1.996
510,30,-1.855
511,0,3.176
511,30,-0.292
512,0,-5.05
512,30,-0.45399999999999996
513,0,1.168
513,30,0.14800000000000002
514,0,-3.035
514,30,-1.756
515,0,6.401
515,30,2.392
516,0,-5.777
516,30,-3.327
517,0,-0.912
517,30,-2.984
518,0,0.657
518,30,1.23
519,0,2.315
519,30,-1.0070000000000001
520,0,-8.613
520,30,-2.1790000000000003
521,0,5.2620000000000005
521,30,-0.47100000000000003
522,0,-1.7269999999999999
522,30,0.433
523,0,-1.1420000000000001
523,30,-1.45
524,0,-0.647
524,30,-4.543
525,0,-2.003
525,30,7.6629999999999985
526,0,4.754
526,30,-7.193
527,0,-3.437
527,30,-1.7180000000000002
528,0,-5.132999999999999
528,30,4.383
529,0,1.73
529,30,2.059
530,0,-0.251
530,30,-4.438
531,0,2.051
531,30,6.108
532,0,1.7480000000000002
532,30,-2.6660000000000004
533,0,-4.154
533,30,-6.6720000000000015
534,0,-8.817
534,30,-3.535
535,0,6.903
535,30,10.697000000000001
536,0,0.354
536,30,-5.577999999999999
537,0,0.609
537,30,3.548
538,0,2.801
538,30,-4.484
539,0,-3.397
539,30,-3.766
540,0,-4.067
540,30,-3.3489999999999998
541,0,-1.39
541,30,2.27
542,0,4.387
542,30,7.05
543,0,2.565
543,30,-1.787
544,0,-0.442
544,30,-5.244
545,0,-4.918
545,30,-2.092
546,0,-5.879
546,30,-1.87
547,0,3.75
547,30,1.21
548,0,1.8980000000000001
548,30,2.907
549,0,-1.3259999999999998
549,30,2.5810000000000004
550,0,5.978
550,30,-0.687
551,0,-3.338
551,30,-2.165
552,0,-1.442
552,30,-2.6430000000000002
553,0,-6.1270000000000024
553,30,-4.261
554,0,2.9819999999999998
554,30,6.835
555,0,-0.218
555,30,-1.694
556,0,-0.431
556,30,0.304
557,0,3.2739999999999996
557,30,1.5219999999999998
558,0,-1.7469999999999999
558,30,-2.411
559,0,-6.124
559,30,-1.6280000000000001
560,0,3.022
560,30,-1.91
561,0,1.338
561,30,5.31
562,0,-4.709
562,30,-2.344
563,0,1.8319999999999999
563,30,-1.31
564,0,1.123
564,30,1.8130000000000002
565,0,-3.748
565,30,-2.39
566,0,4.698
566,30,1.901
567,0,-1.699
567,30,-2.8289999999999997
568,0,-1.274
568,30,0.295
569,0,2.428
569,30,4.386
570,0,-2.616
570,30,-9.275
571,0,-1.504
571,30,5.216
572,0,1.7469999999999999
572,30,2.688
573,0,1.212
573,30,-2.504
574,0,-1.785
574,30,-0.983
575,0,0.223
575,30,3.1189999999999998
576,0,-1.995
576,30,0.491
577,0,0.8740000000000001
577,30,-3.705
578,0,-1.969
578,30,6.66
579,0,6.074
579,30,-0.184
580,0,-3.133
580,30,0.909
581,0,4.333
581,30,3.66
582,0,3.35
582,30,0.037000000000000005
583,0,-3.446
583,30,-3.798
584,0,-5.148
584,30,-2.839
585,0,1.507
585,30,9.391
586,0,21.684
586,30,12.39
587,0,-6.5070000000000014
587,30,-16.545
588,0,-20.018
588,30,-22.533
589,0,-15.487
589,30,-0.309
590,0,20.72
590,30,12.467
591,0,10.167
591,30,32.78
592,0,-21.087
592,30,-39.525999999999996
593,0,-20.407
593,30,-47.843
594,0,-28.58
594,30,47.849
595,0,47.849
595,30,-1.422
596,0,9.184
596,30,-23.171999999999997
597,0,-22.669
597,30,17.074
598,0,29.570999999999998
598,30,21.465999999999998
599,0,-16.096
599,30,-35.934
600,0,-15.717
600,30,-0.20199999999999999
601,0,-14.485
601,30,11.222000000000001
602,0,26.941
602,30,2.891
603,0,-8.892999999999997
603,30,2.609
604,0,14.011
604,30,4.7810000000000015
605,0,-3.613
605,30,-3.342
606,0,-11.129000000000001
606,30,-15.613
607,0,-5.188
607,30,6.9979999999999976
608,0,9.198
608,30,4.562
609,0,4.129
609,30,1.173
610,0,-4.335
610,30,-1.256
611,0,5.336
611,30,-1.969
612,0,-6.0310000000000015
612,30,-5.968999999999999
613,0,-4.067
613,30,1.271
614,0,-1.37
614,30,-1.266
615,0,5.257999999999999
615,30,6.6129999999999995
616,0,-0.778
616,30,-5.481
617,0,-4.385
617,30,4.0489999999999995
618,0,5.678999999999999
618,30,-2.275
619,0,-4.0710000000000015
619,30,-2.253
620,0,-2.594
620,30,2.918
621,0,4.913
621,30,-2.6
622,0,-7.605
622,30,-5.394
623,0,0.667
623,30,-1.08
624,0,0.551
624,30,4.44
625,0,4.061
625,30,0.096
626,0,-1.804
626,30,0.524
627,0,-0.46299999999999997
627,30,-0.381
628,0,0.27399999999999997
628,30,-6.0710000000000015
629,0,-6.057
629,30,2.7110000000000003
630,0,0.7440000000000001
630,30,-4.498
631,0,3.0010000000000003
631,30,7.152
632,0,-2.193
632,30,-1.34
633,0,1.915
633,30,-0.579
634,0,-3.2960000000000003
634,30,-3.385
635,0,-1.6880000000000002
635,30,-1.379
636,0,-2.56
636,30,2.175
637,0,0.927
637,30,0.016
638,0,4.489
638,30,3.36
639,0,2.7889999999999997
639,30,6.894
640,0,2.492
640,30,1.594
641,0,1.8030000000000002
641,30,-0.843
642,0,1.618
642,30,3.7289999999999996
643,0,-6.388
643,30,-4.952
644,0,0.293
644,30,-0.133
645,0,3.258
645,30,-2.767
646,0,-5.496
646,30,-6.617999999999999
647,0,-4.115
647,30,-7.2929999999999975
648,0,-7.601
648,30,-6.619
649,0,1.087
649,30,2.7310000000000003
650,0,-14.638
650,30,-6.609
651,0,0.325
651,30,0.125
652,0,0.75
652,30,-5.024
653,0,0.04
653,30,2.782
654,0,-1.224
654,30,-3.543
655,0,9.256
655,30,-4.593999999999999
656,0,-10.697000000000001
656,30,8.033
657,0,-0.20800000000000002
657,30,-12.192
658,0,0.315
658,30,11.079
659,0,15.642999999999999
659,30,2.126
660,0,-11.11
660,30,2.963
661,0,9.027999999999999
661,30,-5.891
662,0,-6.034
662,30,-4.746
663,0,-5.916
663,30,1.78
664,0,4.836
664,30,6.516
665,0,1.4669999999999999
665,30,-2.342
666,0,3.053
666,30,3.8739999999999997
667,0,-4.277
667,30,-5.791
668,0,-4.99
668,30,-3.64
669,0,-4.495
669,30,-1.002
670,0,5.309
670,30,2.636
671,0,0.031
671,30,0.263
672,0,-2.9619999999999997
672,30,-6.563
673,0,-0.233
673,30,7.899
674,0,-2.292
674,30,-8.714
675,0,1.824
675,30,5.581
676,0,-0.124
676,30,1.624
677,0,1.604
677,30,-4.069
678,0,-6.58
678,30,-4.669
679,0,3.6860000000000004
679,30,3.304
680,0,-3.634
680,30,-1.1320000000000001
681,0,-3.7680000000000002
681,30,-4.731
682,0,4.563
682,30,8.796
683,0,0.349
683,30,-5.523
684,0,-5.587999999999999
684,30,-1.228
685,0,3.91
685,30,3.06
686,0,-0.457
686,30,-2.9760000000000004
687,0,-2.269
687,30,-7.131
688,0,1.3
688,30,5.388999999999999
689,0,-1.62
689,30,-0.623
690,0,-2.967
690,30,-5.391
691,0,0.8009999999999999
691,30,-2.887
692,0,-0.16
692,30,5.727
693,0,-2.141
693,30,-5.544
694,0,3.455
694,30,2.452
695,0,-5.029
695,30,0.562
696,0,0.892
696,30,-4.94
697,0,-4.17
697,30,-2.825
698,0,-0.5479999999999999
698,30,-0.36
699,0,-4.0089999999999995
699,30,-0.33899999999999997
700,0,5.081
700,30,5.402
701,0,2.932
701,30,-0.268
702,0,-1.2
702,30,-2.721
703,0,-4.1610000000000005
703,30,-3.31
704,0,-1.505
704,30,-0.8170000000000001
705,0,0.018000000000000002
705,30,-0.655
706,0,1.993
706,30,4.041
707,0,3.468
707,30,-1.521
708,0,-7.352
708,30,-0.331
709,0,3.384
709,30,-2.207
710,0,-7.404
710,30,-3.029
711,0,0.93
711,30,-1.889
712,0,0.894
712,30,5.43
713,0,0.53
713,30,-3.1039999999999996
714,0,-0.507
714,30,2.015
715,0,0.321
715,30,-1.187
716,0,-4.874
716,30,0.34299999999999997
717,0,3.0869999999999997
717,30,-2.202
718,0,-4.806
718,30,-1.86
719,0,3.444
719,30,4.045
720,0,0.912
720,30,-1.5030000000000001
721,0,-1.329
721,30,-0.502
722,0,1.341
722,30,5.635
723,0,-0.917
723,30,-7.257999999999999
724,0,-2.069
724,30,-2.6010000000000004
725,0,-2.891
725,30,5.5070000000000014
726,0,3.469
726,30,-2.5
727,0,-2.367
727,30,-0.565
728,0,1.431
728,30,1.072
729,0,-1.168
729,30,-0.062
730,0,-0.499
730,30,-6.037000000000001
731,0,-4.081
731,30,0.905
732,0,0.282
732,30,-3.037
733,0,-0.6409999999999999
733,30,1.341
734,0,-0.03
734,30,0.632
735,0,1.146
735,30,-3.867
736,0,-2.865
736,30,-0.389
737,0,-1.401
737,30,-2.614
738,0,-3.23
738,30,-1.129
739,0,2.7039999999999997
739,30,0.16
740,0,0.242
740,30,0.929
741,0,-0.846
741,30,0.40399999999999997
742,0,-1.715
742,30,-2.6319999999999997
743,0,-0.125
743,30,1.281
744,0,1.3840000000000001
744,30,-3.8089999999999997
745,0,-2.35
745,30,0.7120000000000001
746,0,-0.493
746,30,1.4680000000000002
747,0,1.18
747,30,-0.133
748,0,-0.583
748,30,-1.141
749,0,1.3359999999999999
749,30,0.996
750,0,-3.387
750,30,-2.448
751,0,-3.105
751,30,-3.6910000000000003
752,0,-0.574
752,30,2.0709999999999997
753,0,2.4730000000000003
753,30,-0.16
754,0,-0.447
754,30,0.129
755,0,-3.827
755,30,-0.812
756,0,0.158
756,30,-2.685
757,0,-3.122
757,30,-2.258
758,0,-2.239
758,30,-2.383
759,0,2.441
759,30,8.913
760,0,5.755
760,30,-5.876
761,0,-7.397
761,30,-6.2410000000000005
762,0,-2.795
762,30,3.55
763,0,3.8339999999999996
763,30,1.247
764,0,0.7090000000000001
764,30,-3.165
765,0,1.5230000000000001
765,30,3.909
766,0,3.205
766,30,-1.642
767,0,-6.782
767,30,-2.286
768,0,1.339
768,30,-1.278
769,0,1.042
769,30,2.114
770,0,2.033
770,30,-1.735
771,0,-3.966
771,30,-2.002
772,0,1.729
772,30,3.2939999999999996
773,0,-1.837
773,30,0.609
774,0,1.6869999999999998
774,30,-4.3180000000000005
775,0,-3.179
775,30,3.5439999999999996
776,0,0.20600000000000002
776,30,-2.064
777,0,-3.7539999999999996
777,30,-6.105
778,0,-0.16
778,30,4.121
779,0,5.779
779,30,3.653
780,0,-3.343
780,30,-1.594
781,0,-0.262
781,30,-3.748
782,0,-2.405
782,30,-0.475
783,0,-0.226
783,30,-2.511
784,0,-0.158
784,30,4.6339999999999995
785,0,0.363
785,30,0.252
786,0,1.474
786,30,-2.903
787,0,-4.71
787,30,-3.424
788,0,0.235
788,30,2.12
789,0,-1.14
789,30,-1.784
790,0,1.561
790,30,-0.3720000000000001
791,0,0.527
791,30,1.4369999999999998
792,0,-4.54
792,30,-5.207000000000002
793,0,3.665
793,30,0.902
794,0,-1.395
794,30,4.107
795,0,-1.065
795,30,-9.502
796,0,-1.4609999999999999
796,30,0.125
797,0,-3.784
797,30,4.6530000000000005
798,0,5.465
798,30,-1.837
799,0,-1.993
799,30,0.7879999999999999
800,0,1.005
800,30,-2.198
801,0,-4.675
801,30,-0.28300000000000003
802,0,-1.472
802,30,-5.285
803,0,2.577
803,30,6.9179999999999975
804,0,-1.082
804,30,-1.71
805,0,2.378
805,30,-3.04
806,0,-5.596
806,30,1.117
807,0,6.56
807,30,-0.991
808,0,-6.169
808,30,-0.746
809,0,2.483
809,30,-2.331
810,0,0.83
810,30,4.232
811,0,-5.322
811,30,-7.272
812,0,1.536
812,30,1.639
813,0,1.579
813,30,1.5330000000000001
814,0,-4.154
814,30,-4.775
815,0,-2.5980000000000003
815,30,-0.539
816,0,-1.133
816,30,-6.504
817,0,-2.045
817,30,3.247
818,0,0.741
818,30,-1.902
819,0,0.294
819,30,0.272
820,0,-2.369
820,30,12.218
821,0,5.121
821,30,-11.51
822,0,-7.752999999999999
822,30,-1.63
823,0,1.315
823,30,4.587
824,0,2.1959999999999997
824,30,-1.442
825,0,3.16
825,30,0.8320000000000001
826,0,-1.32
826,30,4.543
827,0,-0.135
827,30,-8.498
828,0,-5.535
828,30,-6.086
829,0,-0.924
829,30,5.327000000000001
830,0,0.893
830,30,-4.288
831,0,1.0
831,30,9.41
832,0,-2.02
832,30,-0.061
833,0,1.558
833,30,-5.2
834,0,-5.843999999999999
834,30,-3.603
835,0,-2.7
835,30,3.072
836,0,0.34
836,30,-1.6159999999999999
837,0,0.20600000000000002
837,30,0.165
838,0,-0.452
838,30,1.673
839,0,-2.41
839,30,2.008
840,0,0.5770000000000001
840,30,-3.465
841,0,-3.6719999999999997
841,30,3.301
842,0,-1.516
842,30,-5.771
843,0,4.502
843,30,5.6320000000000014
844,0,-0.725
844,30,-0.9359999999999999
845,0,-4.896
845,30,-2.177
846,0,3.347
846,30,3.492
847,0,-0.185
847,30,-7.4689999999999985
848,0,-0.6970000000000001
848,30,3.863
849,0,1.679
849,30,1.181
850,0,-1.032
850,30,-5.644
851,0,-6.415
851,30,1.825
852,0,5.085
852,30,-3.326
853,0,-2.461
853,30,-1.126
854,0,-2.7710000000000004
854,30,-1.2229999999999999
855,0,2.102
855,30,6.3820000000000014
856,0,1.6469999999999998
856,30,-6.3210000000000015
857,0,-2.497
857,30,-0.22699999999999998
858,0,-3.696
858,30,-2.6010000000000004
859,0,3.943
859,30,0.8740000000000001
860,0,-4.364
860,30,-1.749
861,0,0.491
861,30,2.07
862,0,0.573
862,30,0.047
863,0,-2.988
863,30,-4.115
864,0,0.002
864,30,3.582
865,0,2.6430000000000002
865,30,-4.757
866,0,-3.71
866,30,1.444
867,0,-1.9040000000000001
867,30,-1.392
868,0,1.933
868,30,-0.929
869,0,1.035
869,30,4.132
870,0,-3.088
870,30,-9.242
871,0,4.379
871,30,5.005
872,0,-4.543
872,30,-2.694
873,0,-1.859
873,30,-5.518
874,0,-3.123
874,30,0.134
875,0,4.742
875,30,1.75
876,0,-3.0260000000000002
876,30,2.099
877,0,2.8169999999999997
877,30,-7.298999999999999
878,0,-0.7090000000000001
878,30,7.444
879,0,-3.785
879,30,-6.511
880,0,-1.219
880,30,-3.62
881,0,1.693
881,30,6.608
882,0,1.143
882,30,-1.679
883,0,-0.391
883,30,-0.537
884,0,0.16399999999999998
884,30,0.29600000000000004
885,0,-1.145
885,30,-1.6980000000000002
886,0,-3.077
886,30,-3.049
887,0,1.101
887,30,1.4509999999999998
888,0,-1.381
888,30,-0.963
889,0,1.001
889,30,0.629
890,0,-1.693
890,30,1.406
891,0,1.238
891,30,-5.428
892,0,0.914
892,30,2.299
893,0,-3.701
893,30,-3.3960000000000004
894,0,-3.1839999999999997
894,30,0.8740000000000001
895,0,3.2960000000000003
895,30,1.055
896,0,0.08900000000000001
896,30,1.357
897,0,1.5419999999999998
897,30,-0.45299999999999996
898,0,-2.6710000000000003
898,30,-2.6260000000000003
899,0,-3.196
899,30,-1.949
900,0,2.773
900,30,2.45
901,0,-3.915
901,30,-2.233
902,0,2.9610000000000003
902,30,1.103
903,0,1.7730000000000001
903,30,2.316
904,0,-0.7070000000000001
904,30,-4.272
905,0,-5.432
905,30,0.763
906,0,2.9589999999999996
906,30,0.56
907,0,0.8190000000000001
907,30,-0.47200000000000003
908,0,-2.685
908,30,-0.535
909,0,0.321
909,30,-0.145
910,0,-1.775
910,30,-4.391
911,0,-2.543
911,30,-0.16399999999999998
912,0,3.4530000000000003
912,30,3.763
913,0,0.332
913,30,-2.1069999999999998
914,0,-1.64
914,30,-0.88
915,0,-0.8959999999999999
915,30,-2.28
916,0,-0.9590000000000001
916,30,1.1
917,0,-3.553
917,30,-4.012
918,0,6.916
918,30,2.355
919,0,-6.2410000000000005
919,30,1.651
920,0,3.79
920,30,-0.004
921,0,-1.057
921,30,-6.3229999999999995
922,0,-5.315
922,30,3.0469999999999997
923,0,0.865
923,30,-0.285
924,0,0.879
924,30,-8.479
925,0,-0.301
925,30,11.478
926,0,-0.9990000000000001
926,30,-4.078
927,0,4.687
927,30,-2.758
928,0,-5.224
928,30,1.719
929,0,0.509
929,30,-3.28
930,0,-4.431
930,30,-3.0380000000000003
931,0,-0.9309999999999999
931,30,-1.02
932,0,0.179
932,30,3.551
933,0,-0.105
933,30,-1.632
934,0,3.5810000000000004
934,30,4.416
935,0,-1.033
935,30,-3.806
936,0,-8.442
936,30,-6.099
937,0,4.243
937,30,6.745
938,0,1.436
938,30,-2.085
939,0,-6.94
939,30,-9.202
940,0,2.699
940,30,8.972000000000003
941,0,7.52
941,30,-0.965
942,0,-5.275
942,30,-2.883
943,0,-1.5830000000000002
943,30,0.648
944,0,4.636
944,30,0.473
945,0,-6.871
945,30,-8.82
946,0,-2.79
946,30,2.688
947,0,1.249
947,30,1.251
948,0,1.5730000000000002
948,30,0.688
949,0,3.762
949,30,0.05
950,0,-1.714
950,30,-5.101
951,0,-5.8839999999999995
951,30,-2.263
952,0,-1.2890000000000001
952,30,-2.5869999999999997
953,0,-0.07200000000000001
953,30,2.267
954,0,-0.546
954,30,-0.086
955,0,5.71
955,30,-4.025
956,0,-8.281
956,30,0.406
957,0,3.088
957,30,-1.64
958,0,-4.158
958,30,0.966
959,0,2.997
959,30,-4.357
960,0,-4.124
960,30,7.415
961,0,4.4060000000000015
961,30,-6.443
962,0,-0.161
962,30,4.956
963,0,-1.6969999999999998
963,30,-3.82
964,0,-2.676
964,30,-2.82
965,0,-0.5539999999999999
965,30,1.301
966,0,-1.334
966,30,-0.336
967,0,-0.72
967,30,-0.711
968,0,0.769
968,30,-0.08800000000000001
969,0,2.0780000000000003
969,30,1.419
970,0,-3.9819999999999998
970,30,-3.092
971,0,0.9209999999999999
971,30,-3.571
972,0,-1.749
972,30,1.68
973,0,5.432
973,30,0.126
974,0,-3.533
974,30,-1.213
975,0,2.4619999999999997
975,30,1.288
976,0,1.296
976,30,1.575
977,0,-4.36
977,30,-7.289
978,0,-3.315
978,30,3.063
979,0,7.03
979,30,0.965
980,0,-2.161
980,30,1.3
981,0,-1.495
981,30,-1.1420000000000001
982,0,1.828
982,30,-1.713
983,0,-2.144
983,30,0.222
984,0,-0.825
984,30,-2.8160000000000003
985,0,0.518
985,30,6.888
986,0,-1.776
986,30,-5.5870000000000015
987,0,2.3040000000000003
987,30,1.5530000000000002
988,0,-0.225
988,30,-2.301
989,0,-2.266
989,30,3.7289999999999996
990,0,-1.575
990,30,-3.417
991,0,5.207000000000002
991,30,1.929
992,0,-2.707
992,30,3.241
993,0,0.887
993,30,-2.205
994,0,-0.588
994,30,-1.505
995,0,-1.148
995,30,-6.403
996,0,-6.084
996,30,6.724
997,0,16.437
997,30,4.965
998,0,-8.522
998,30,-10.076
999,0,-3.055
999,30,-8.349
1000,0,-7.235
1000,30,9.929
1001,0,8.685
1001,30,-5.6370000000000005
1002,0,-13.011
1002,30,-1.071
1003,0,11.934000000000001
1003,30,7.037000000000001
1004,0,3.0839999999999996
1004,30,2.206
1005,0,-6.632999999999999
1005,30,-19.535
1006,0,-23.451999999999998
1006,30,-5.251
1007,0,12.91
1007,30,11.357000000000001
1008,0,7.569
1008,30,4.591
1009,0,5.52
1009,30,-3.925
1010,0,-6.544
1010,30,2.9189999999999996
1011,0,-0.9179999999999999
1011,30,-2.8510000000000004
1012,0,-1.162
1012,30,1.922
1013,0,1.053
1013,30,-6.614
1014,0,-6.518
1014,30,3.471
1015,0,2.9139999999999997
1015,30,1.3119999999999998
1016,0,3.264
1016,30,3.69
1017,0,-1.73
1017,30,-1.3419999999999999
1018,0,-1.406
1018,30,-0.937
1019,0,-0.115
1019,30,-3.2769999999999997
1020,0,-1.611
1020,30,2.362
1021,0,1.34
1021,30,-2.3409999999999997
1022,0,1.155
1022,30,1.7269999999999999
1023,0,-1.112
1023,30,-2.8369999999999997
1024,0,-2.625
1024,30,-3.674
1025,0,1.258
1025,30,1.196
1026,0,-2.5980000000000003
1026,30,-2.865
1027,0,0.946
1027,30,2.168
1028,0,-0.915
1028,30,-0.75
1029,0,0.765
1029,30,1.797
1030,0,-1.145
1030,30,-1.9580000000000002
1031,0,0.893
1031,30,0.128
1032,0,-5.0
1032,30,-1.119
1033,0,1.615
1033,30,-1.5719999999999998
1034,0,-1.681
1034,30,0.433
1035,0,-4.029
1035,30,-3.6689999999999996
1036,0,3.7260000000000004
1036,30,0.797
1037,0,-1.578
1037,30,0.789
1038,0,-0.795
1038,30,0.205
1039,0,-0.067
1039,30,1.264
1040,0,2.227
1040,30,-1.6130000000000002
1041,0,-3.37
1041,30,-0.46299999999999997
1042,0,0.893
1042,30,-0.632
1043,0,-0.588
1043,30,2.654
1044,0,-1.401
1044,30,-4.371
1045,0,0.987
1045,30,2.688
1046,0,-1.6230000000000002
1046,30,-4.004
1047,0,-0.36
1047,30,-0.8240000000000001
1048,0,-2.421
1048,30,4.596
1049,0,4.598
1049,30,0.922
1050,0,0.9390000000000001
1050,30,2.8569999999999998
1051,0,3.93
1051,30,2.056
1052,0,0.405
1052,30,2.075
1053,0,4.129
1053,30,2.516
1054,0,-2.7439999999999998
1054,30,1.858
1055,0,1.912
1055,30,-3.763
1056,0,4.463
1056,30,6.5710000000000015
1057,0,-5.699
1057,30,-13.755999999999998
1058,0,-10.031
1058,30,-2.388
1059,0,-5.513
1059,30,-4.05
1060,0,-1.993
1060,30,5.888
1061,0,-7.694
1061,30,-11.055
1062,0,17.085
1062,30,-1.931
1063,0,-21.923000000000002
1063,30,-10.353
1064,0,-7.515
1064,30,-2.002
1065,0,12.556
1065,30,-7.178
1066,0,-12.265999999999998
1066,30,11.764000000000001
1067,0,13.470999999999998
1067,30,0.16399999999999998
1068,0,2.155
1068,30,8.079
1069,0,-0.203
1069,30,-1.6280000000000001
1070,0,-1.355
1070,30,-0.136
1071,0,-2.57
1071,30,-6.39
1072,0,1.8769999999999998
1072,30,3.234
1073,0,-2.803
1073,30,5.47
1074,0,5.975
1074,30,-1.3090000000000002
1075,0,-0.12
1075,30,4.61
1076,0,-2.986
1076,30,-2.4219999999999997
1077,0,0.945
1077,30,-1.5490000000000002
1078,0,-4.295
1078,30,-3.503
1079,0,4.676
1079,30,6.0429999999999975
1080,0,-5.205
1080,30,-3.964
1081,0,5.724
1081,30,-1.642
1082,0,-7.621
1082,30,-2.495
1083,0,1.245
1083,30,-6.234
1084,0,-6.7589999999999995
1084,30,5.037
1085,0,7.072
1085,30,1.5390000000000001
1086,0,0.033
1086,30,-0.033
1087,0,-0.958
1087,30,1.4280000000000002
1088,0,-0.37
1088,30,-1.83
1089,0,-3.341
1089,30,-3.2969999999999997
1090,0,1.203
1090,30,-0.325
1091,0,-0.27899999999999997
1091,30,1.237
1092,0,-1.625
1092,30,-3.665
1093,0,1.618
1093,30,4.355
1094,0,3.176
1094,30,-1.5219999999999998
1095,0,-1.047
1095,30,1.155
1096,0,-4.277
1096,30,-7.0020000000000024
1097,0,2.035
1097,30,6.11
1098,0,2.908
1098,30,-4.435
1099,0,-5.0680000000000005
1099,30,1.811
1100,0,0.057999999999999996
1100,30,-3.675
1101,0,2.929
1101,30,3.307
1102,0,-5.058
1102,30,-5.01
1103,0,2.465
1103,30,-0.765
1104,0,-4.73
1104,30,5.362
1105,0,1.27
1105,30,-6.79
1106,0,-0.373
1106,30,4.218
1107,0,-0.319
1107,30,-5.66
1108,0,-1.578
1108,30,3.1430000000000002
1109,0,-1.7630000000000001
1109,30,-1.383
1110,0,3.0610000000000004
1110,30,0.349
1111,0,-3.3089999999999997
1111,30,0.643
1112,0,3.2
1112,30,-2.675
1113,0,0.275
1113,30,6.519
1114,0,-7.178999999999999
1114,30,-11.918
1115,0,7.0829999999999975
1115,30,5.6720000000000015
1116,0,-7.556
1116,30,-7.919
1117,0,-1.075
1117,30,4.3
1118,0,-0.14400000000000002
1118,30,-0.132
1119,0,3.3110000000000004
1119,30,1.088
1120,0,-5.867000000000001
1120,30,-3.5989999999999998
1121,0,2.488
1121,30,-1.254
1122,0,-1.195
1122,30,3.147
1123,0,-1.524
1123,30,-5.045
1124,0,-1.305
1124,30,2.7439999999999998
1125,0,-0.27
1125,30,-0.8759999999999999
1126,0,-0.226
1126,30,-1.165
1127,0,-1.756
1127,30,1.5619999999999998
1128,0,4.569
1128,30,-0.867
1129,0,-4.2860000000000005
1129,30,2.658
1130,0,6.617999999999999
1130,30,-1.8969999999999998
1131,0,-12.530999999999999
1131,30,-5.1080000000000005
1132,0,6.155
1132,30,2.778
1133,0,0.948
1133,30,2.177
1134,0,0.778
1134,30,-3.323
1135,0,-6.563
1135,30,2.263
1136,0,4.577
1136,30,-2.448
1137,0,-3.1239999999999997
1137,30,-0.159
1138,0,-1.618
1138,30,-0.32899999999999996
1139,0,2.818
1139,30,2.2119999999999997
1140,0,1.212
1140,30,-2.459
1141,0,-4.104
1141,30,-2.42
1142,0,2.244
1142,30,2.431
1143,0,-1.36
1143,30,-2.985
1144,0,-3.063
1144,30,0.043
1145,0,3.46
1145,30,-5.143
1146,0,-1.104
1146,30,4.352
1147,0,-2.79
1147,30,-4.026
1148,0,1.445
1148,30,2.185
1149,0,1.02
1149,30,-1.379
1150,0,0.025
1150,30,3.265
1151,0,-3.1069999999999998
1151,30,-5.007
1152,0,-1.925
1152,30,0.34299999999999997
1153,0,-0.743
1153,30,0.97
1154,0,-2.426
1154,30,-0.507
1155,0,6.249
1155,30,0.19699999999999998
1156,0,-5.4220000000000015
1156,30,1.0190000000000001
1157,0,3.734
1157,30,-3.025
1158,0,-4.0569999999999995
1158,30,0.988
1159,0,-2.605
1159,30,-3.665
1160,0,1.8619999999999999
1160,30,4.131
1161,0,-1.534
1161,30,-3.509
1162,0,3.3789999999999996
1162,30,3.4010000000000002
1163,0,1.641
1163,30,2.62
1164,0,-2.35
1164,30,-7.4620000000000015
1165,0,-3.4389999999999996
1165,30,0.442
1166,0,0.095
1166,30,0.62
1167,0,0.7490000000000001
1167,30,1.0070000000000001
1168,0,-3.6460000000000004
1168,30,-5.1960000000000015
1169,0,2.878
1169,30,3.409
1170,0,-3.4789999999999996
1170,30,-3.054
1171,0,4.3210000000000015
1171,30,8.574
1172,0,-0.287
1172,30,-3.2289999999999996
1173,0,-1.367
1173,30,-2.274
1174,0,-6.0429999999999975
1174,30,-0.5479999999999999
1175,0,5.47
1175,30,1.7080000000000002
1176,0,-0.8270000000000001
1176,30,0.713
1177,0,0.826
1177,30,0.62
1178,0,0.165
1178,30,-0.9620000000000001
1179,0,-1.524
1179,30,-3.1489999999999996
1180,0,-3.136
1180,30,-1.4580000000000002
1181,0,0.08900000000000001
1181,30,0.894
1182,0,3.07
1182,30,0.511
1183,0,-3.2889999999999997
1183,30,0.401
1184,0,3.685
1184,30,-3.75
1185,0,-2.066
1185,30,1.087
1186,0,-3.4160000000000004
1186,30,-0.467
1187,0,-0.84
1187,30,-1.421
1188,0,-2.509
1188,30,-2.2569999999999997
1189,0,2.508
1189,30,-1.325
1190,0,-6.5820000000000025
1190,30,0.275
1191,0,7.415
1191,30,3.86
1192,0,-3.14
1192,30,-3.591
1193,0,-3.5260000000000002
1193,30,-2.096
1194,0,1.9480000000000002
1194,30,0.905
1195,0,-2.975
1195,30,-1.265
1196,0,-0.877
1196,30,-0.951
1197,0,2.7910000000000004
1197,30,-0.763
1198,0,-0.9890000000000001
1198,30,0.597
1199,0,-4.074
1199,30,0.397
1200,0,4.387
1200,30,-1.936
1201,0,-1.325
1201,30,2.028
1202,0,-0.428
1202,30,-3.792
1203,0,0.872
1203,30,4.2669999999999995
1204,0,-4.5710000000000015
1204,30,-5.4
1205,0,1.875
1205,30,1.962
1206,0,-3.3510000000000004
1206,30,0.114
1207,0,4.898
1207,30,1.571
1208,0,1.535
1208,30,-3.412
1209,0,-8.845
1209,30,2.6319999999999997
1210,0,4.872
1210,30,-2.44
1211,0,1.54
1211,30,-1.801
1212,0,-6.1679999999999975
1212,30,1.995
1213,0,3.359
1213,30,1.604
1214,0,2.496
1214,30,-1.6969999999999998
1215,0,-4.848
1215,30,-2.615
1216,0,-0.7140000000000001
1216,30,3.81
1217,0,5.566
1217,30,-3.322
1218,0,-2.9939999999999998
1218,30,-1.1179999999999999
1219,0,-4.08
1219,30,4.282
1220,0,9.32
1220,30,-2.592
1221,0,-6.218
1221,30,0.9159999999999999
1222,0,0.069
1222,30,-3.647
1223,0,4.253
1223,30,2.872
1224,0,-5.882999999999999
1224,30,-2.45
1225,0,-2.945
1225,30,-2.291
1226,0,1.531
1226,30,6.856
1227,0,6.859
1227,30,-0.728
1228,0,-8.056000000000001
1228,30,-4.583
1229,0,0.9259999999999999
1229,30,-3.577
1230,0,-3.3
1230,30,2.029
1231,0,-2.137
1231,30,1.425
1232,0,2.002
1232,30,3.7569999999999997
1233,0,2.208
1233,30,-5.7
1234,0,0.618
1234,30,5.36
1235,0,-0.10400000000000001
1235,30,-1.155
1236,0,-1.101
1236,30,-4.66
1237,0,-5.856
1237,30,-1.712
1238,0,0.884
1238,30,0.894
1239,0,3.742
1239,30,4.71
1240,0,0.8009999999999999
1240,30,-2.615
1241,0,-4.687
1241,30,-5.2
1242,0,-1.9769999999999999
1242,30,4.93
1243,0,3.127
1243,30,-0.057
1244,0,-0.976
1244,30,0.993
1245,0,6.218
1245,30,-4.423
1246,0,-5.285
1246,30,3.565
1247,0,-4.698
1247,30,-8.497
1248,0,5.62
1248,30,10.016
1249,0,-3.62
1249,30,-3.772
1250,0,-2.263
1250,30,-8.116
1251,0,-0.305
1251,30,9.252
1252,0,3.781
1252,30,-1.932
1253,0,-1.2229999999999999
1253,30,-6.097
1254,0,-3.611
1254,30,5.3260000000000005
1255,0,4.343999999999999
1255,30,-0.6629999999999999
1256,0,-6.664
1256,30,-0.35100000000000003
1257,0,4.802
1257,30,-1.5230000000000001
1258,0,1.935
1258,30,1.041
1259,0,-6.15
1259,30,-3.966
1260,0,1.982
1260,30,0.696
1261,0,-1.344
1261,30,-1.111
1262,0,-1.699
1262,30,-1.824
1263,0,-2.162
1263,30,-2.858
1264,0,-0.313
1264,30,2.9219999999999997
1265,0,-2.5810000000000004
1265,30,-0.7040000000000001
1266,0,2.984
1266,30,-0.488
1267,0,-1.1179999999999999
1267,30,0.07200000000000001
1268,0,-1.659
1268,30,-3.9589999999999996
1269,0,-2.713
1269,30,1.22
1270,0,2.435
1270,30,-0.773
1271,0,-1.484
1271,30,-0.409
1272,0,1.956
1272,30,-0.6809999999999999
1273,0,-2.681
1273,30,-0.35100000000000003
1274,0,-2.226
1274,30,-5.926
1275,0,0.598
1275,30,3.42
1276,0,2.029
1276,30,1.742
1277,0,-2.415
1277,30,-2.593
1278,0,2.129
1278,30,-2.299
1279,0,-1.844
1279,30,2.146
1280,0,0.47
