hour,min,sec,v
17,26,39,5.87
17,26,39,1.235
17,26,39,-14.327
17,26,39,-2.036
17,26,39,10.814
17,26,39,-1.246
17,26,39,-4.539
17,26,39,4.502
17,26,39,-1.146
17,26,39,-1.633
17,26,39,5.724
17,26,39,2.019
17,26,39,-4.7139999999999995
17,26,39,-12.012
17,26,39,-2.34
17,26,39,7.066
17,26,39,-4.676
17,26,39,-4.136
17,26,39,4.437
17,26,39,0.488
17,26,39,-0.9259999999999999
17,26,39,4.6339999999999995
17,26,39,2.928
17,26,39,-2.602
17,26,39,-5.0089999999999995
17,26,39,-3.3310000000000004
17,26,39,2.529
17,26,39,-1.561
17,26,39,-1.499
17,26,39,3.79
17,26,39,-1.3619999999999999
17,26,39,-4.181
17,26,39,-0.737
17,26,39,2.678
17,26,39,-1.159
17,26,39,0.349
17,26,39,5.346
17,26,39,2.353
17,26,39,-1.975
17,26,39,-6.686
17,26,39,-3.272
17,26,39,2.1430000000000002
17,26,39,-9.752
17,26,39,-5.733
17,26,39,1.7480000000000002
17,26,39,-0.237
17,26,39,4.746
17,26,39,6.782
17,26,39,-5.442
17,26,39,-4.9030000000000005
17,26,39,0.677
17,26,39,1.614
17,26,39,1.4709999999999999
17,26,39,-4.023
17,26,39,2.374
17,26,39,2.9539999999999997
17,26,39,-5.166
17,26,39,2.0909999999999997
17,26,39,5.113
17,26,39,-5.394
17,26,39,-2.456
17,26,39,1.921
17,26,39,-2.239
17,26,39,-1.0190000000000001
17,26,39,0.72
17,26,39,-1.8159999999999998
17,26,39,0.509
17,26,39,-4.378
17,26,39,-4.476
17,26,39,5.827000000000001
17,26,39,2.169
17,26,39,-1.245
17,26,39,2.23
17,26,39,-2.5140000000000002
17,26,39,-2.526
17,26,39,0.8170000000000001
17,26,39,0.9179999999999999
17,26,39,-1.253
17,26,39,-4.272
17,26,39,-0.32799999999999996
17,26,39,-1.3619999999999999
17,26,39,-2.026
17,26,39,2.234
17,26,39,3.201
17,26,39,-2.153
17,26,39,-1.831
17,26,39,0.46
17,26,39,-0.7509999999999999
17,26,39,-0.016
17,26,39,0.66
17,26,39,-2.194
17,26,39,-4.095
17,26,39,0.779
17,26,39,3.682
17,26,39,-4.391
17,26,39,-5.1739999999999995
17,26,39,0.835
17,26,39,1.213
17,26,39,-1.929
17,26,39,0.052000000000000005
17,26,39,6.971
17,26,39,-0.05
17,26,39,-7.864
17,26,39,-4.756
17,26,39,6.874
17,26,39,-3.06
17,26,39,-3.3680000000000003
17,26,39,11.050999999999998
17,26,39,-7.346
17,26,39,-12.84
17,26,39,-3.457
17,26,39,0.162
17,26,39,14.395
17,26,39,6.426
17,26,39,-2.61
17,26,39,1.8119999999999998
17,26,39,-3.23
17,26,39,-4.419
17,26,39,0.627
17,26,39,-0.63
17,26,39,-5.3729999999999976
17,26,39,-3.4339999999999997
17,26,39,-3.325
17,26,39,-3.7539999999999996
17,26,39,-2.149
17,26,39,4.763999999999999
17,26,39,9.59
17,26,39,1.2329999999999999
17,26,39,-3.358
17,26,39,4.43
17,26,39,0.257
17,26,39,-5.787000000000001
17,26,39,-1.515
17,26,39,-3.966
17,26,39,-6.787000000000001
17,26,39,0.986
17,26,39,0.556
17,26,39,-0.8240000000000001
17,26,39,3.8989999999999996
17,26,39,-1.518
17,26,39,0.7559999999999999
17,26,39,3.7969999999999997
17,26,39,-0.57
17,26,39,0.836
17,26,39,-1.974
17,26,39,-5.65
17,26,39,-0.564
17,26,39,2.431
17,26,39,-1.156
17,26,39,1.575
17,26,39,-0.10099999999999999
17,26,39,-10.215
17,26,39,-1.06
17,26,39,4.923
17,26,39,2.28
17,26,39,0.114
17,26,39,-0.223
17,26,39,-6.318
17,26,39,-1.42
17,26,39,8.986
17,26,39,2.6
17,26,39,-0.823
17,26,39,0.125
17,26,39,-7.149
17,26,39,-6.104
17,26,39,-5.223
17,26,39,-5.747000000000001
17,26,39,-0.504
17,26,39,-0.163
17,26,39,2.2030000000000003
17,26,39,-2.0069999999999997
17,26,39,4.438
17,26,39,10.628
17,26,39,1.222
17,26,39,0.41
17,26,39,-3.2239999999999998
17,26,39,-7.487
17,26,39,-11.952
17,26,39,-9.535
17,26,39,6.676
17,26,39,9.213
17,26,39,-2.656
17,26,39,-3.48
17,26,39,3.835
17,26,39,-0.15
17,26,39,-3.43
17,26,39,5.475
17,26,39,3.813
17,26,39,-5.952999999999999
17,26,39,-5.206
17,26,39,3.7739999999999996
17,26,39,-4.8389999999999995
17,26,39,-11.312999999999999
17,26,39,0.301
17,26,39,3.4939999999999998
17,26,39,-3.076
17,26,39,0.8759999999999999
17,26,39,4.287
17,26,39,1.455
17,26,39,3.615
17,26,39,3.156
17,26,39,0.674
17,26,39,-4.718
17,26,39,-3.783
17,26,39,-2.419
17,26,39,-8.14
17,26,39,-6.92
17,26,39,3.54
17,26,39,3.7310000000000003
17,26,39,-3.327
17,26,39,1.218
17,26,39,10.342
17,26,39,1.295
17,26,39,-2.134
17,26,39,4.662
17,26,39,4.023
17,26,39,-5.1720000000000015
17,26,39,-8.211
17,26,39,0.016
17,26,39,-2.4130000000000003
17,26,39,-6.5889999999999995
17,26,39,-3.6839999999999997
17,26,39,-2.4419999999999997
17,26,39,3.7910000000000004
17,26,39,11.622
17,26,39,9.324
17,26,39,-3.7510000000000003
17,26,39,-9.602
17,26,39,4.033
17,26,39,-0.903
17,26,39,-11.112
17,26,39,2.6210000000000004
17,26,39,2.471
17,26,39,-2.379
17,26,39,0.8
17,26,39,1.859
17,26,39,1.4469999999999998
17,26,39,-2.438
17,26,39,2.492
17,26,39,2.138
17,26,39,-7.312
17,26,39,-12.091
17,26,39,4.456
17,26,39,7.678
17,26,39,-8.572000000000001
17,26,39,-3.315
17,26,39,-2.596
17,26,39,-4.56
17,26,39,4.598
17,26,39,2.81
17,26,39,3.286
17,26,39,3.555
17,26,39,-4.994
17,26,39,-3.7710000000000004
17,26,39,4.37
17,26,39,-0.37799999999999995
17,26,39,-3.1439999999999997
17,26,39,-0.556
17,26,39,-6.0829999999999975
17,26,39,-3.02
17,26,39,2.495
17,26,39,-2.526
17,26,39,2.83
17,26,39,0.23399999999999999
17,26,39,-7.2970000000000015
17,26,39,3.0410000000000004
17,26,39,5.273
17,26,39,-2.707
17,26,39,1.73
17,26,39,1.305
17,26,39,-3.411
17,26,39,-1.465
17,26,39,-0.23600000000000002
17,26,39,-1.935
17,26,39,-1.796
17,26,39,-2.832
17,26,39,-2.635
17,26,39,-2.6710000000000003
17,26,39,0.498
17,26,39,4.513999999999999
17,26,39,6.343
17,26,39,0.081
17,26,39,-4.207
17,26,39,-1.788
17,26,39,1.838
17,26,39,1.043
17,26,39,-0.292
17,26,39,-1.527
17,26,39,-3.113
17,26,39,-0.858
17,26,39,-2.742
17,26,39,2.6289999999999996
17,26,39,5.379
17,26,39,-1.21
17,26,39,-2.399
17,26,39,1.131
17,26,39,-1.376
17,26,39,-1.033
17,26,39,-1.626
17,26,39,1.8969999999999998
17,26,39,0.192
17,26,39,-1.2409999999999999
17,26,39,-2.841
17,26,39,-1.5390000000000001
17,26,39,5.385
17,26,39,0.22899999999999998
17,26,39,-5.4910000000000005
17,26,39,-0.882
17,26,39,-0.932
17,26,39,-1.78
17,26,39,4.988
17,26,39,-1.525
17,26,39,0.096
17,26,39,3.0789999999999997
17,26,39,-2.367
17,26,39,-4.598
17,26,39,-3.7430000000000003
17,26,39,-1.02
17,26,39,5.149
17,26,39,3.187
17,26,39,-4.0310000000000015
17,26,39,-6.454
17,26,39,-2.575
17,26,39,1.893
17,26,39,3.701
17,26,39,3.654
17,26,39,-0.155
17,26,39,-1.84
17,26,39,-1.0979999999999999
17,26,39,1.19
17,26,39,-0.5379999999999999
17,26,39,3.8789999999999996
17,26,39,2.8930000000000002
17,26,39,1.505
17,26,39,-0.195
17,26,39,3.8810000000000002
17,26,39,7.44
17,26,39,2.524
17,26,39,-1.819
17,26,39,-1.239
17,26,39,0.7659999999999999
17,26,39,-1.0959999999999999
17,26,39,1.276
17,26,39,2.365
17,26,39,0.799
17,26,39,-1.5859999999999999
17,26,39,-5.13
17,26,39,-12.329
17,26,39,-8.352
17,26,39,-8.626
17,26,39,-5.6160000000000005
17,26,39,-0.657
17,26,39,16.36
17,26,39,-3.8560000000000003
17,26,39,2.659
17,26,39,13.365
17,26,39,-37.029
17,26,39,-26.271
17,26,39,2.7430000000000003
17,26,39,-13.599
17,26,39,2.8160000000000003
17,26,39,12.677999999999999
17,26,39,-20.605
17,26,39,3.542
17,26,39,36.909
17,26,39,19.809
17,26,39,-11.714
17,26,39,-4.82
17,26,39,5.441
17,26,39,3.588
17,26,39,-7.164
17,26,39,-6.733
17,26,39,-3.551
17,26,39,-9.884
17,26,39,-15.822000000000001
17,26,39,4.7860000000000005
17,26,39,20.014
17,26,39,2.648
17,26,39,-4.552
17,26,39,7.657999999999999
17,26,39,8.435
17,26,39,-1.994
17,26,39,-5.157
17,26,39,2.48
17,26,39,1.814
17,26,39,-8.538
17,26,39,-9.956
17,26,39,-0.56
17,26,39,4.518
17,26,39,2.428
17,26,39,-0.10400000000000001
17,26,39,-4.8660000000000005
17,26,39,-3.304
17,26,39,1.516
17,26,39,0.735
17,26,39,-1.577
17,26,39,-2.077
17,26,39,-2.818
17,26,39,-1.58
17,26,39,-0.385
17,26,39,0.657
17,26,39,1.371
17,26,39,2.331
17,26,39,0.20199999999999999
17,26,39,-3.487
17,26,39,1.3869999999999998
17,26,39,1.821
17,26,39,2.531
17,26,39,3.109
17,26,39,-3.4789999999999996
17,26,39,-3.971
17,26,39,1.464
17,26,39,-0.38799999999999996
17,26,39,1.368
17,26,39,3.525
17,26,39,-1.791
17,26,39,-2.129
17,26,39,-3.859
17,26,39,-2.353
17,26,39,4.202
17,26,39,3.995
17,26,39,1.42
17,26,39,1.524
17,26,39,-4.6819999999999995
17,26,39,-5.893
17,26,39,1.011
17,26,39,2.3
17,26,39,0.242
17,26,39,1.964
17,26,39,-1.611
17,26,39,-4.397
17,26,39,-0.31
17,26,39,0.413
17,26,39,-0.7609999999999999
17,26,39,4.078
17,26,39,0.10300000000000001
17,26,39,-6.3729999999999976
17,26,39,-5.415
17,26,39,-0.899
17,26,39,5.162999999999999
17,26,39,2.94
17,26,39,-1.652
17,26,39,-2.5789999999999997
17,26,39,-4.501
17,26,39,-1.693
17,26,39,0.848
17,26,39,3.0439999999999996
17,26,39,4.998
17,26,39,-4.308
17,26,39,-5.642
17,26,39,5.785
17,26,39,5.162999999999999
17,26,39,3.571
17,26,39,3.983
17,26,39,5.601
17,26,39,6.691
17,26,39,-0.9179999999999999
17,26,39,-3.917
17,26,39,-4.277
17,26,39,-6.558
17,26,39,-2.897
17,26,39,-2.833
17,26,39,-7.436
17,26,39,-5.484
17,26,39,3.304
17,26,39,-9.652000000000001
17,26,39,-5.857
17,26,39,16.645
17,26,39,-6.385
17,26,39,-20.57
17,26,39,0.9740000000000001
17,26,39,9.832
17,26,39,-0.253
17,26,39,3.319
17,26,39,7.155
17,26,39,-9.017000000000001
17,26,39,-10.779000000000002
17,26,39,4.845
17,26,39,9.416
17,26,39,-2.528
17,26,39,-20.535
17,26,39,-5.313
17,26,39,8.274
17,26,39,-2.056
17,26,39,-6.6370000000000005
17,26,39,4.494
17,26,39,12.357000000000001
17,26,39,4.0889999999999995
17,26,39,1.642
17,26,39,-5.072
17,26,39,-5.9110000000000005
17,26,39,2.336
17,26,39,3.715
17,26,39,-0.086
17,26,39,-5.952999999999999
17,26,39,-4.204
17,26,39,1.178
17,26,39,1.994
17,26,39,0.142
17,26,39,1.913
17,26,39,-1.57
17,26,39,-8.462
17,26,39,-3.9219999999999997
17,26,39,7.845
17,26,39,5.812
17,26,39,-0.294
17,26,39,-3.6430000000000002
17,26,39,0.298
17,26,39,1.031
17,26,39,-0.501
17,26,39,0.141
17,26,39,-1.443
17,26,39,-5.666
17,26,39,-4.21
17,26,39,5.2589999999999995
17,26,39,1.681
17,26,39,-5.9220000000000015
17,26,39,-3.41
17,26,39,2.847
17,26,39,0.9359999999999999
17,26,39,1.31
17,26,39,-0.782
17,26,39,-4.559
17,26,39,-2.7880000000000003
17,26,39,0.045
17,26,39,3.78
17,26,39,2.076
17,26,39,-2.1630000000000003
17,26,39,-1.636
17,26,39,1.6969999999999998
17,26,39,-5.001
17,26,39,-4.935
17,26,39,2.9560000000000004
17,26,39,-0.07200000000000001
17,26,39,-2.697
17,26,39,1.026
17,26,39,0.848
17,26,39,-0.883
17,26,39,-0.36
17,26,39,3.338
17,26,39,1.214
17,26,39,-3.438
17,26,39,-4.114
17,26,39,-0.563
17,26,39,0.049
17,26,39,-2.283
17,26,39,0.068
17,26,39,1.012
17,26,39,-1.368
17,26,39,0.466
17,26,39,0.447
17,26,39,-1.38
17,26,39,-0.055999999999999994
17,26,39,0.85
17,26,39,-0.491
17,26,39,-2.6519999999999997
17,26,39,-2.5380000000000003
17,26,39,1.775
17,26,39,2.085
17,26,39,-3.9330000000000003
17,26,39,-3.87
17,26,39,1.9509999999999998
17,26,39,1.604
17,26,39,-3.0989999999999998
17,26,39,-2.944
17,26,39,1.788
17,26,39,-4.363
17,26,39,-4.2860000000000005
17,26,39,5.726
17,26,39,5.745
17,26,39,-4.882
17,26,39,-9.572000000000001
17,26,39,-0.9329999999999999
17,26,39,11.023
17,26,39,3.365
17,26,39,-3.9410000000000003
17,26,39,0.153
17,26,39,-2.6319999999999997
17,26,39,-7.065
17,26,39,0.726
17,26,39,4.297
17,26,39,-0.708
17,26,39,-4.091
17,26,39,-1.064
17,26,39,2.677
17,26,39,0.33799999999999997
17,26,39,-1.037
17,26,39,1.345
17,26,39,2.006
17,26,39,0.038
17,26,39,-3.7239999999999998
17,26,39,-4.545
17,26,39,-3.966
17,26,39,2.8160000000000003
17,26,39,2.958
17,26,39,0.597
17,26,39,1.8980000000000001
17,26,39,-3.341
17,26,39,-4.3610000000000015
17,26,39,3.8760000000000003
17,26,39,0.068
17,26,39,-0.9470000000000001
17,26,39,0.573
17,26,39,-0.27699999999999997
17,26,39,-0.732
17,26,39,-1.8530000000000002
17,26,39,0.813
17,26,39,0.9079999999999999
17,26,39,0.032
17,26,39,2.1959999999999997
17,26,39,2.633
17,26,39,-1.585
17,26,39,-7.058
17,26,39,-6.439
17,26,39,1.761
17,26,39,2.991
17,26,39,1.69
17,26,39,0.009000000000000001
17,26,39,1.135
17,26,39,4.002
17,26,39,-1.351
17,26,39,-4.019
17,26,39,0.40299999999999997
17,26,39,1.8119999999999998
17,26,39,0.42
17,26,39,0.018000000000000002
17,26,39,-1.129
17,26,39,-7.6720000000000015
17,26,39,-2.908
17,26,39,3.674
17,26,39,-0.252
17,26,39,-2.9160000000000004
17,26,39,-1.2770000000000001
17,26,39,-0.758
17,26,39,4.027
17,26,39,8.606
17,26,39,7.752999999999999
17,26,39,-3.36
17,26,39,-8.865
17,26,39,-7.752999999999999
17,26,39,-7.095
17,26,39,1.983
17,26,39,5.655
17,26,39,0.961
17,26,39,-1.151
17,26,39,-4.784
17,26,39,-4.51
17,26,39,4.32
17,26,39,4.13
17,26,39,-0.67
17,26,39,-1.159
17,26,39,-2.75
17,26,39,-3.0210000000000004
17,26,39,-0.675
17,26,39,-2.654
17,26,39,-0.26
17,26,39,3.055
17,26,39,-2.8680000000000003
17,26,39,-3.497
17,26,39,2.7060000000000004
17,26,39,-2.381
17,26,39,-4.138999999999999
17,26,39,3.44
17,26,39,3.532
17,26,39,-3.685
17,26,39,1.5530000000000002
17,26,39,-2.3569999999999998
17,26,39,-8.392999999999999
17,26,39,1.097
17,26,39,0.8340000000000001
17,26,39,-1.421
17,26,39,1.665
17,26,39,-2.408
17,26,39,0.579
17,26,39,1.808
17,26,39,-0.835
17,26,39,2.935
17,26,39,0.154
17,26,39,-3.589
17,26,39,-4.055
17,26,39,-2.77
17,26,39,-0.612
17,26,39,2.551
17,26,39,-0.6890000000000001
17,26,39,-0.284
17,26,39,3.145
17,26,39,-4.132
17,26,39,-4.19
17,26,39,0.841
17,26,39,-0.153
17,26,39,3.713
17,26,39,4.042
17,26,39,-1.069
17,26,39,-5.52
17,26,39,-1.715
17,26,39,4.848
17,26,39,-4.251
17,26,39,-4.167
17,26,39,3.697
17,26,39,1.936
17,26,39,-1.692
17,26,39,3.964
17,26,39,0.7170000000000001
17,26,39,-0.113
17,26,39,-2.214
17,26,39,-3.05
17,26,39,0.264
17,26,39,1.01
17,26,39,-0.638
17,26,39,-2.28
17,26,39,-0.027999999999999997
17,26,39,1.046
17,26,39,3.867
17,26,39,2.105
17,26,39,-2.096
17,26,39,-4.122
17,26,39,-5.67
17,26,39,-0.747
17,26,39,5.122000000000001
17,26,39,0.311
17,26,39,-1.694
17,26,39,-1.2790000000000001
17,26,39,0.56
17,26,39,1.8969999999999998
17,26,39,1.58
17,26,39,-0.753
17,26,39,-7.24
17,26,39,-5.252999999999999
17,26,39,3.3819999999999997
17,26,39,5.843
17,26,39,2.24
17,26,39,-2.051
17,26,39,-2.051
17,26,39,-2.722
17,26,39,0.069
17,26,39,0.39
17,26,39,-0.769
17,26,39,-3.623
17,26,39,0.001
17,26,39,2.099
17,26,39,1.538
17,26,39,1.5830000000000002
17,26,39,-0.887
17,26,39,-1.162
17,26,39,-2.464
17,26,39,-2.557
17,26,39,0.92
17,26,39,1.848
17,26,39,3.7430000000000003
17,26,39,-1.7369999999999999
17,26,39,-1.6740000000000002
17,26,39,-0.147
17,26,39,-5.386
17,26,39,-2.615
17,26,39,2.045
17,26,39,4.947
17,26,39,-0.621
17,26,39,-3.91
17,26,39,-0.563
17,26,39,-1.01
17,26,39,-3.187
17,26,39,2.039
17,26,39,5.561
17,26,39,3.9610000000000003
17,26,39,-0.038
17,26,39,-7.1270000000000024
17,26,39,-4.295
17,26,39,0.17600000000000002
17,26,39,-7.162000000000001
17,26,39,-0.679
17,26,39,6.733
17,26,39,0.12
17,26,39,2.892
17,26,39,-3.234
17,26,39,-4.6960000000000015
17,26,39,9.391
17,26,39,-3.266
17,26,39,-5.524
17,26,39,5.526
17,26,39,-3.698
17,26,39,-4.381
17,26,39,4.698
17,26,39,-4.865
17,26,39,-6.55
17,26,39,1.3119999999999998
17,26,39,-1.709
17,26,39,0.442
17,26,39,3.818
17,26,39,0.8320000000000001
17,26,39,1.496
17,26,39,-0.40299999999999997
17,26,39,-4.87
17,26,39,-2.434
17,26,39,-1.195
17,26,39,-1.27
17,26,39,3.5180000000000002
17,26,39,0.087
17,26,39,-4.706
17,26,39,-1.814
17,26,39,-1.067
17,26,39,-1.168
17,26,39,3.975
17,26,39,0.64
17,26,39,-7.539
17,26,39,-2.2430000000000003
17,26,39,-1.0490000000000002
17,26,39,-3.222
17,26,39,-0.483
17,26,39,0.46799999999999997
17,26,39,-1.7919999999999998
17,26,39,-3.428
17,26,39,-1.271
17,26,39,5.855
17,26,39,6.6610000000000005
17,26,39,-4.57
17,26,39,-1.544
17,26,39,5.841
17,26,39,-4.091
17,26,39,-5.894
17,26,39,3.39
17,26,39,0.82
17,26,39,-4.323
17,26,39,2.033
17,26,39,1.133
17,26,39,-5.546
17,26,39,-2.764
17,26,39,2.086
17,26,39,2.752
17,26,39,2.8819999999999997
17,26,39,1.537
17,26,39,-3.21
17,26,39,-6.4060000000000015
17,26,39,-4.775
17,26,39,0.18100000000000002
17,26,39,1.3090000000000002
17,26,39,2.319
17,26,39,2.67
17,26,39,0.341
17,26,39,-4.801
17,26,39,-3.758
17,26,39,3.8
17,26,39,-0.013000000000000001
17,26,39,-1.7309999999999999
17,26,39,5.81
17,26,39,0.555
17,26,39,-8.707
17,26,39,-4.53
17,26,39,0.5870000000000001
17,26,39,0.6629999999999999
17,26,39,5.3820000000000014
17,26,39,2.114
17,26,39,-2.721
17,26,39,0.408
17,26,39,-1.474
17,26,39,-2.428
17,26,39,0.008
17,26,39,-2.225
17,26,39,-5.513
17,26,39,-2.326
17,26,39,1.025
17,26,39,1.107
17,26,39,4.543
17,26,39,-0.8370000000000001
17,26,39,-3.9789999999999996
17,26,39,1.643
17,26,39,1.347
17,26,39,0.772
17,26,39,-0.473
17,26,39,-3.859
17,26,39,-1.9169999999999998
17,26,39,2.1180000000000003
17,26,39,-1.044
17,26,39,0.441
17,26,39,-1.617
17,26,39,-3.66
17,26,39,5.8370000000000015
17,26,39,7.4579999999999975
17,26,39,-1.506
17,26,39,-6.324
17,26,39,-7.171
17,26,39,-1.229
17,26,39,5.931
17,26,39,5.083
17,26,39,0.17300000000000001
17,26,39,-1.119
17,26,39,-4.9860000000000015
17,26,39,-2.3609999999999998
17,26,39,3.832
17,26,39,1.874
17,26,39,-0.024
17,26,39,0.32799999999999996
17,26,39,-2.8789999999999996
17,26,39,-4.535
17,26,39,-3.6010000000000004
17,26,39,0.7040000000000001
17,26,39,3.688
17,26,39,0.946
17,26,39,0.064
17,26,39,-2.025
17,26,39,-6.784
17,26,39,1.663
17,26,39,7.013999999999999
17,26,39,0.39899999999999997
17,26,39,-0.622
17,26,39,-1.109
17,26,39,-4.562
17,26,39,-1.966
17,26,39,0.759
17,26,39,0.233
17,26,39,-0.701
17,26,39,-3.053
17,26,39,-1.608
17,26,39,0.377
17,26,39,0.7170000000000001
17,26,39,1.646
17,26,39,3.5639999999999996
17,26,39,0.597
17,26,39,-0.47600000000000003
17,26,39,0.068
17,26,39,-2.0909999999999997
17,26,39,-7.272
17,26,39,-1.2930000000000001
17,26,39,1.04
17,26,39,-5.749
17,26,39,-2.68
17,26,39,5.8260000000000005
17,26,39,0.07200000000000001
17,26,39,-3.1660000000000004
17,26,39,-0.35700000000000004
17,26,39,6.712999999999999
17,26,39,0.547
17,26,39,-10.445
17,26,39,12.834000000000001
17,26,39,8.199
17,26,39,-17.399
17,26,39,-5.252000000000002
17,26,39,-0.6
17,26,39,-2.103
17,26,39,1.429
17,26,39,0.748
17,26,39,4.013999999999999
17,26,39,-0.307
17,26,39,-0.377
17,26,39,1.3980000000000001
17,26,39,3.633
17,26,39,3.042
17,26,39,-2.233
17,26,39,-6.789
17,26,39,-9.535
17,26,39,2.258
17,26,39,5.705
17,26,39,-3.137
17,26,39,-0.27899999999999997
17,26,39,-0.08
17,26,39,2.86
17,26,39,2.725
17,26,39,-2.1790000000000003
17,26,39,-1.12
17,26,39,2.0780000000000003
17,26,39,-1.1079999999999999
17,26,39,-2.463
17,26,39,1.86
17,26,39,-4.084
17,26,39,-6.766
17,26,39,0.613
17,26,39,2.591
17,26,39,2.406
17,26,39,2.8560000000000003
17,26,39,0.406
17,26,39,0.5539999999999999
17,26,39,-0.043
17,26,39,-3.903
17,26,39,-0.11800000000000001
17,26,39,-0.5720000000000001
17,26,39,-4.478
17,26,39,2.068
17,26,39,2.353
17,26,39,-5.38
17,26,39,-0.813
17,26,39,3.907
17,26,39,-1.454
17,26,39,-0.294
17,26,39,1.1059999999999999
17,26,39,-0.331
17,26,39,0.045
17,26,39,-1.983
17,26,39,0.114
17,26,39,-1.9509999999999998
17,26,39,-5.12
17,26,39,1.193
17,26,39,4.265
17,26,39,-1.288
17,26,39,-2.148
17,26,39,0.529
17,26,39,-2.843
17,26,39,-2.415
17,26,39,2.878
17,26,39,1.7730000000000001
17,26,39,-1.882
17,26,39,-1.9780000000000002
17,26,39,1.604
17,26,39,0.517
17,26,39,-1.902
17,26,39,-1.71
17,26,39,-0.067
17,26,39,-0.888
17,26,39,-1.994
17,26,39,2.477
17,26,39,-1.68
17,26,39,-1.5090000000000001
17,26,39,-0.154
17,26,39,-4.283
17,26,39,-1.193
17,26,39,5.292999999999998
17,26,39,0.763
17,26,39,-1.1159999999999999
17,26,39,-2.146
17,26,39,-0.018000000000000002
17,26,39,1.147
17,26,39,-1.996
17,26,39,-1.855
17,26,39,3.176
17,26,39,-0.292
17,26,39,-5.05
17,26,39,-0.45399999999999996
17,26,39,1.168
17,26,39,0.14800000000000002
17,26,39,-3.035
17,26,39,-1.756
17,26,39,6.401
17,26,39,2.392
17,26,39,-5.777
17,26,39,-3.327
17,26,39,-0.912
17,26,39,-2.984
17,26,39,0.657
17,26,39,1.23
17,26,39,2.315
17,26,39,-1.0070000000000001
17,26,39,-8.613
17,26,39,-2.1790000000000003
17,26,39,5.2620000000000005
17,26,39,-0.47100000000000003
17,26,39,-1.7269999999999999
17,26,39,0.433
17,26,39,-1.1420000000000001
17,26,39,-1.45
17,26,39,-0.647
17,26,39,-4.543
17,26,39,-2.003
17,26,39,7.6629999999999985
17,26,39,4.754
17,26,39,-7.193
17,26,39,-3.437
17,26,39,-1.7180000000000002
17,26,39,-5.132999999999999
17,26,39,4.383
17,26,39,1.73
17,26,39,2.059
17,26,39,-0.251
17,26,39,-4.438
17,26,39,2.051
17,26,39,6.108
17,26,39,1.7480000000000002
17,26,39,-2.6660000000000004
17,26,39,-4.154
17,26,39,-6.6720000000000015
17,26,39,-8.817
17,26,39,-3.535
17,26,39,6.903
17,26,39,10.697000000000001
17,26,39,0.354
17,26,39,-5.577999999999999
17,26,39,0.609
17,26,39,3.548
17,26,39,2.801
17,26,39,-4.484
17,26,39,-3.397
17,26,39,-3.766
17,26,39,-4.067
17,26,39,-3.3489999999999998
17,26,39,-1.39
17,26,39,2.27
17,26,39,4.387
17,26,39,7.05
17,26,39,2.565
17,26,39,-1.787
17,26,39,-0.442
17,26,39,-5.244
17,26,39,-4.918
17,26,39,-2.092
17,26,39,-5.879
17,26,39,-1.87
17,26,39,3.75
17,26,39,1.21
17,26,39,1.8980000000000001
17,26,39,2.907
17,26,39,-1.3259999999999998
17,26,39,2.5810000000000004
17,26,39,5.978
17,26,39,-0.687
17,26,39,-3.338
17,26,39,-2.165
17,26,39,-1.442
17,26,39,-2.6430000000000002
17,26,39,-6.1270000000000024
17,26,39,-4.261
17,26,39,2.9819999999999998
17,26,39,6.835
17,26,39,-0.218
17,26,39,-1.694
17,26,39,-0.431
17,26,39,0.304
17,26,39,3.2739999999999996
17,26,39,1.5219999999999998
17,26,39,-1.7469999999999999
17,26,39,-2.411
17,26,39,-6.124
17,26,39,-1.6280000000000001
17,26,39,3.022
17,26,39,-1.91
17,26,39,1.338
17,26,39,5.31
17,26,39,-4.709
17,26,39,-2.344
17,26,39,1.8319999999999999
17,26,39,-1.31
17,26,39,1.123
17,26,39,1.8130000000000002
17,26,39,-3.748
17,26,39,-2.39
17,26,39,4.698
17,26,39,1.901
17,26,39,-1.699
17,26,39,-2.8289999999999997
17,26,39,-1.274
17,26,39,0.295
17,26,39,2.428
17,26,39,4.386
17,26,39,-2.616
17,26,39,-9.275
17,26,39,-1.504
17,26,39,5.216
17,26,39,1.7469999999999999
17,26,39,2.688
17,26,39,1.212
17,26,39,-2.504
17,26,39,-1.785
17,26,39,-0.983
17,26,39,0.223
17,26,39,3.1189999999999998
17,26,39,-1.995
17,26,39,0.491
17,26,39,0.8740000000000001
17,26,39,-3.705
17,26,39,-1.969
17,26,39,6.66
17,26,39,6.074
17,26,39,-0.184
17,26,39,-3.133
17,26,39,0.909
17,26,39,4.333
17,26,39,3.66
17,26,39,3.35
17,26,39,0.037000000000000005
17,26,39,-3.446
17,26,39,-3.798
17,26,39,-5.148
17,26,39,-2.839
17,26,39,1.507
17,26,39,9.391
17,26,39,21.684
17,26,39,12.39
17,26,39,-6.5070000000000014
17,26,39,-16.545
17,26,39,-20.018
17,26,39,-22.533
17,26,39,-15.487
17,26,39,-0.309
17,26,39,20.72
17,26,39,12.467
17,26,39,10.167
17,26,39,32.78
17,26,39,-21.087
17,26,39,-39.525999999999996
17,26,39,-20.407
17,26,39,-47.843
17,26,39,-28.58
17,26,39,47.849
17,26,39,47.849
17,26,39,-1.422
17,26,39,9.184
17,26,39,-23.171999999999997
17,26,39,-22.669
17,26,39,17.074
17,26,39,29.570999999999998
17,26,39,21.465999999999998
17,26,39,-16.096
17,26,39,-35.934
17,26,39,-15.717
17,26,39,-0.20199999999999999
17,26,39,-14.485
17,26,39,11.222000000000001
17,26,39,26.941
17,26,39,2.891
17,26,39,-8.892999999999997
17,26,39,2.609
17,26,39,14.011
17,26,39,4.7810000000000015
17,26,39,-3.613
17,26,39,-3.342
17,26,39,-11.129000000000001
17,26,39,-15.613
17,26,39,-5.188
17,26,39,6.9979999999999976
17,26,39,9.198
17,26,39,4.562
17,26,39,4.129
17,26,39,1.173
17,26,39,-4.335
17,26,39,-1.256
17,26,39,5.336
17,26,39,-1.969
17,26,39,-6.0310000000000015
17,26,39,-5.968999999999999
17,26,39,-4.067
17,26,39,1.271
17,26,39,-1.37
17,26,39,-1.266
17,26,39,5.257999999999999
17,26,39,6.6129999999999995
17,26,39,-0.778
17,26,39,-5.481
17,26,39,-4.385
17,26,39,4.0489999999999995
17,26,39,5.678999999999999
17,26,39,-2.275
17,26,39,-4.0710000000000015
17,26,39,-2.253
17,26,39,-2.594
17,26,39,2.918
17,26,39,4.913
17,26,39,-2.6
17,26,39,-7.605
17,26,39,-5.394
17,26,39,0.667
17,26,39,-1.08
17,26,39,0.551
17,26,39,4.44
17,26,39,4.061
17,26,39,0.096
17,26,39,-1.804
17,26,39,0.524
17,26,39,-0.46299999999999997
17,26,39,-0.381
17,26,39,0.27399999999999997
17,26,39,-6.0710000000000015
17,26,39,-6.057
17,26,39,2.7110000000000003
17,26,39,0.7440000000000001
17,26,39,-4.498
17,26,39,3.0010000000000003
17,26,39,7.152
17,26,39,-2.193
17,26,39,-1.34
17,26,39,1.915
17,26,39,-0.579
17,26,39,-3.2960000000000003
17,26,39,-3.385
17,26,39,-1.6880000000000002
17,26,39,-1.379
17,26,39,-2.56
17,26,39,2.175
17,26,39,0.927
17,26,39,0.016
17,26,39,4.489
17,26,39,3.36
17,26,39,2.7889999999999997
17,26,39,6.894
17,26,39,2.492
17,26,39,1.594
17,26,39,1.8030000000000002
17,26,39,-0.843
17,26,39,1.618
17,26,39,3.7289999999999996
17,26,39,-6.388
17,26,39,-4.952
17,26,39,0.293
17,26,39,-0.133
17,26,39,3.258
17,26,39,-2.767
17,26,39,-5.496
17,26,39,-6.617999999999999
17,26,39,-4.115
17,26,39,-7.2929999999999975
17,26,39,-7.601
17,26,39,-6.619
17,26,39,1.087
17,26,39,2.7310000000000003
17,26,39,-14.638
17,26,39,-6.609
17,26,39,0.325
17,26,39,0.125
17,26,39,0.75
17,26,39,-5.024
17,26,39,0.04
17,26,39,2.782
17,26,39,-1.224
17,26,39,-3.543
17,26,39,9.256
17,26,39,-4.593999999999999
17,26,39,-10.697000000000001
17,26,39,8.033
17,26,39,-0.20800000000000002
17,26,39,-12.192
17,26,39,0.315
17,26,39,11.079
17,26,39,15.642999999999999
17,26,39,2.126
17,26,39,-11.11
17,26,39,2.963
17,26,39,9.027999999999999
17,26,39,-5.891
17,26,39,-6.034
17,26,39,-4.746
17,26,39,-5.916
17,26,39,1.78
17,26,39,4.836
17,26,39,6.516
17,26,39,1.4669999999999999
17,26,39,-2.342
17,26,39,3.053
17,26,39,3.8739999999999997
17,26,39,-4.277
17,26,39,-5.791
17,26,39,-4.99
17,26,39,-3.64
17,26,39,-4.495
17,26,39,-1.002
17,26,39,5.309
17,26,39,2.636
17,26,39,0.031
17,26,39,0.263
17,26,39,-2.9619999999999997
17,26,39,-6.563
17,26,39,-0.233
17,26,39,7.899
17,26,39,-2.292
17,26,39,-8.714
17,26,39,1.824
17,26,39,5.581
17,26,39,-0.124
17,26,39,1.624
17,26,39,1.604
17,26,39,-4.069
17,26,39,-6.58
17,26,39,-4.669
17,26,39,3.6860000000000004
17,26,39,3.304
17,26,39,-3.634
17,26,39,-1.1320000000000001
17,26,39,-3.7680000000000002
17,26,39,-4.731
17,26,39,4.563
17,26,39,8.796
17,26,39,0.349
17,26,39,-5.523
17,26,39,-5.587999999999999
17,26,39,-1.228
17,26,39,3.91
17,26,39,3.06
17,26,39,-0.457
17,26,39,-2.9760000000000004
17,26,39,-2.269
17,26,39,-7.131
17,26,39,1.3
17,26,39,5.388999999999999
17,26,39,-1.62
17,26,39,-0.623
17,26,39,-2.967
17,26,39,-5.391
17,26,39,0.8009999999999999
17,26,39,-2.887
17,26,39,-0.16
17,26,39,5.727
17,26,39,-2.141
17,26,39,-5.544
17,26,39,3.455
17,26,39,2.452
17,26,39,-5.029
17,26,39,0.562
17,26,39,0.892
17,26,39,-4.94
17,26,39,-4.17
17,26,39,-2.825
17,26,39,-0.5479999999999999
17,26,39,-0.36
17,26,39,-4.0089999999999995
17,26,39,-0.33899999999999997
17,26,39,5.081
17,26,39,5.402
17,26,39,2.932
17,26,39,-0.268
17,26,39,-1.2
17,26,39,-2.721
17,26,39,-4.1610000000000005
17,26,39,-3.31
17,26,39,-1.505
17,26,39,-0.8170000000000001
17,26,39,0.018000000000000002
17,26,39,-0.655
17,26,39,1.993
17,26,39,4.041
17,26,39,3.468
17,26,39,-1.521
17,26,39,-7.352
17,26,39,-0.331
17,26,39,3.384
17,26,39,-2.207
17,26,39,-7.404
17,26,39,-3.029
17,26,39,0.93
17,26,39,-1.889
17,26,39,0.894
17,26,39,5.43
17,26,39,0.53
17,26,39,-3.1039999999999996
17,26,39,-0.507
17,26,39,2.015
17,26,39,0.321
17,26,39,-1.187
17,26,39,-4.874
17,26,39,0.34299999999999997
17,26,39,3.0869999999999997
17,26,39,-2.202
17,26,39,-4.806
17,26,39,-1.86
17,26,39,3.444
17,26,39,4.045
17,26,39,0.912
17,26,39,-1.5030000000000001
17,26,39,-1.329
17,26,39,-0.502
17,26,39,1.341
17,26,39,5.635
17,26,39,-0.917
17,26,39,-7.257999999999999
17,26,39,-2.069
17,26,39,-2.6010000000000004
17,26,39,-2.891
17,26,39,5.5070000000000014
17,26,39,3.469
17,26,39,-2.5
17,26,39,-2.367
17,26,39,-0.565
17,26,39,1.431
17,26,39,1.072
17,26,39,-1.168
17,26,39,-0.062
17,26,39,-0.499
17,26,39,-6.037000000000001
17,26,39,-4.081
17,26,39,0.905
17,26,39,0.282
17,26,39,-3.037
17,26,39,-0.6409999999999999
17,26,39,1.341
17,26,39,-0.03
17,26,39,0.632
17,26,39,1.146
17,26,39,-3.867
17,26,39,-2.865
17,26,39,-0.389
17,26,39,-1.401
17,26,39,-2.614
17,26,39,-3.23
17,26,39,-1.129
17,26,39,2.7039999999999997
17,26,39,0.16
17,26,39,0.242
17,26,39,0.929
17,26,39,-0.846
17,26,39,0.40399999999999997
17,26,39,-1.715
17,26,39,-2.6319999999999997
17,26,39,-0.125
17,26,39,1.281
17,26,39,1.3840000000000001
17,26,39,-3.8089999999999997
17,26,39,-2.35
17,26,39,0.7120000000000001
17,26,39,-0.493
17,26,39,1.4680000000000002
17,26,39,1.18
17,26,39,-0.133
17,26,39,-0.583
17,26,39,-1.141
17,26,39,1.3359999999999999
17,26,39,0.996
17,26,39,-3.387
17,26,39,-2.448
17,26,39,-3.105
17,26,39,-3.6910000000000003
17,26,39,-0.574
17,26,39,2.0709999999999997
17,26,39,2.4730000000000003
17,26,39,-0.16
17,26,39,-0.447
17,26,39,0.129
17,26,39,-3.827
17,26,39,-0.812
17,26,39,0.158
17,26,39,-2.685
17,26,39,-3.122
17,26,39,-2.258
17,26,39,-2.239
17,26,39,-2.383
17,26,39,2.441
17,26,39,8.913
17,26,39,5.755
17,26,39,-5.876
17,26,39,-7.397
17,26,39,-6.2410000000000005
17,26,39,-2.795
17,26,39,3.55
17,26,39,3.8339999999999996
17,26,39,1.247
17,26,39,0.7090000000000001
17,26,39,-3.165
17,26,39,1.5230000000000001
17,26,39,3.909
17,26,39,3.205
17,26,39,-1.642
17,26,39,-6.782
17,26,39,-2.286
17,26,39,1.339
17,26,39,-1.278
17,26,39,1.042
17,26,39,2.114
17,26,39,2.033
17,26,39,-1.735
17,26,39,-3.966
17,26,39,-2.002
17,26,39,1.729
17,26,39,3.2939999999999996
17,26,39,-1.837
17,26,39,0.609
17,26,39,1.6869999999999998
17,26,39,-4.3180000000000005
17,26,39,-3.179
17,26,39,3.5439999999999996
17,26,39,0.20600000000000002
17,26,39,-2.064
17,26,39,-3.7539999999999996
17,26,39,-6.105
17,26,39,-0.16
17,26,39,4.121
17,26,39,5.779
17,26,39,3.653
17,26,39,-3.343
17,26,39,-1.594
17,26,39,-0.262
17,26,39,-3.748
17,26,39,-2.405
17,26,39,-0.475
17,26,39,-0.226
17,26,39,-2.511
17,26,39,-0.158
17,26,39,4.6339999999999995
17,26,39,0.363
17,26,39,0.252
17,26,39,1.474
17,26,39,-2.903
17,26,39,-4.71
17,26,39,-3.424
17,26,39,0.235
17,26,39,2.12
17,26,39,-1.14
17,26,39,-1.784
17,26,39,1.561
17,26,39,-0.3720000000000001
17,26,39,0.527
17,26,39,1.4369999999999998
17,26,39,-4.54
17,26,39,-5.207000000000002
17,26,39,3.665
17,26,39,0.902
17,26,39,-1.395
17,26,39,4.107
17,26,39,-1.065
17,26,39,-9.502
17,26,39,-1.4609999999999999
17,26,39,0.125
17,26,39,-3.784
17,26,39,4.6530000000000005
17,26,39,5.465
17,26,39,-1.837
17,26,39,-1.993
17,26,39,0.7879999999999999
17,26,39,1.005
17,26,39,-2.198
17,26,39,-4.675
17,26,39,-0.28300000000000003
17,26,39,-1.472
17,26,39,-5.285
17,26,39,2.577
17,26,39,6.9179999999999975
17,26,39,-1.082
17,26,39,-1.71
17,26,39,2.378
17,26,39,-3.04
17,26,39,-5.596
17,26,39,1.117
17,26,39,6.56
17,26,39,-0.991
17,26,39,-6.169
17,26,39,-0.746
17,26,39,2.483
17,26,39,-2.331
17,26,39,0.83
17,26,39,4.232
17,26,39,-5.322
17,26,39,-7.272
17,26,39,1.536
17,26,39,1.639
17,26,39,1.579
17,26,39,1.5330000000000001
17,26,39,-4.154
17,26,39,-4.775
17,26,39,-2.5980000000000003
17,26,39,-0.539
17,26,39,-1.133
17,26,39,-6.504
17,26,39,-2.045
17,26,39,3.247
17,26,39,0.741
17,26,39,-1.902
17,26,39,0.294
17,26,39,0.272
17,26,39,-2.369
17,26,39,12.218
17,26,39,5.121
17,26,39,-11.51
17,26,39,-7.752999999999999
17,26,39,-1.63
17,26,39,1.315
17,26,39,4.587
17,26,39,2.1959999999999997
17,26,39,-1.442
17,26,39,3.16
17,26,39,0.8320000000000001
17,26,39,-1.32
17,26,39,4.543
17,26,39,-0.135
17,26,39,-8.498
17,26,39,-5.535
17,26,39,-6.086
17,26,39,-0.924
17,26,39,5.327000000000001
17,26,39,0.893
17,26,39,-4.288
17,26,39,1.0
17,26,39,9.41
17,26,39,-2.02
17,26,39,-0.061
17,26,39,1.558
17,26,39,-5.2
17,26,39,-5.843999999999999
17,26,39,-3.603
17,26,39,-2.7
17,26,39,3.072
17,26,39,0.34
17,26,39,-1.6159999999999999
17,26,39,0.20600000000000002
17,26,39,0.165
17,26,39,-0.452
17,26,39,1.673
17,26,39,-2.41
17,26,39,2.008
17,26,39,0.5770000000000001
17,26,39,-3.465
17,26,39,-3.6719999999999997
17,26,39,3.301
17,26,39,-1.516
17,26,39,-5.771
17,26,39,4.502
17,26,39,5.6320000000000014
17,26,39,-0.725
17,26,39,-0.9359999999999999
17,26,39,-4.896
17,26,39,-2.177
17,26,39,3.347
17,26,39,3.492
17,26,39,-0.185
17,26,39,-7.4689999999999985
17,26,39,-0.6970000000000001
17,26,39,3.863
17,26,39,1.679
17,26,39,1.181
17,26,39,-1.032
17,26,39,-5.644
17,26,39,-6.415
17,26,39,1.825
17,26,39,5.085
17,26,39,-3.326
17,26,39,-2.461
17,26,39,-1.126
17,26,39,-2.7710000000000004
17,26,39,-1.2229999999999999
17,26,39,2.102
17,26,39,6.3820000000000014
17,26,39,1.6469999999999998
17,26,39,-6.3210000000000015
17,26,39,-2.497
17,26,39,-0.22699999999999998
17,26,39,-3.696
17,26,39,-2.6010000000000004
17,26,39,3.943
17,26,39,0.8740000000000001
17,26,39,-4.364
17,26,39,-1.749
17,26,39,0.491
17,26,39,2.07
17,26,39,0.573
17,26,39,0.047
17,26,39,-2.988
17,26,39,-4.115
17,26,39,0.002
17,26,39,3.582
17,26,39,2.6430000000000002
17,26,39,-4.757
17,26,39,-3.71
17,26,39,1.444
17,26,39,-1.9040000000000001
17,26,39,-1.392
17,26,39,1.933
17,26,39,-0.929
17,26,39,1.035
17,26,39,4.132
17,26,39,-3.088
17,26,39,-9.242
17,26,39,4.379
17,26,39,5.005
17,26,39,-4.543
17,26,39,-2.694
17,26,39,-1.859
17,26,39,-5.518
17,26,39,-3.123
17,26,39,0.134
17,26,39,4.742
17,26,39,1.75
17,26,39,-3.0260000000000002
17,26,39,2.099
17,26,39,2.8169999999999997
17,26,39,-7.298999999999999
17,26,39,-0.7090000000000001
17,26,39,7.444
17,26,39,-3.785
17,26,39,-6.511
17,26,39,-1.219
17,26,39,-3.62
17,26,39,1.693
17,26,39,6.608
17,26,39,1.143
17,26,39,-1.679
17,26,39,-0.391
17,26,39,-0.537
17,26,39,0.16399999999999998
17,26,39,0.29600000000000004
17,26,39,-1.145
17,26,39,-1.6980000000000002
17,26,39,-3.077
17,26,39,-3.049
17,26,39,1.101
17,26,39,1.4509999999999998
17,26,39,-1.381
17,26,39,-0.963
17,26,39,1.001
17,26,39,0.629
17,26,39,-1.693
17,26,39,1.406
17,26,39,1.238
17,26,39,-5.428
17,26,39,0.914
17,26,39,2.299
17,26,39,-3.701
17,26,39,-3.3960000000000004
17,26,39,-3.1839999999999997
17,26,39,0.8740000000000001
17,26,39,3.2960000000000003
17,26,39,1.055
17,26,39,0.08900000000000001
17,26,39,1.357
17,26,39,1.5419999999999998
17,26,39,-0.45299999999999996
17,26,39,-2.6710000000000003
17,26,39,-2.6260000000000003
17,26,39,-3.196
17,26,39,-1.949
17,26,39,2.773
17,26,39,2.45
17,26,39,-3.915
17,26,39,-2.233
17,26,39,2.9610000000000003
17,26,39,1.103
17,26,39,1.7730000000000001
17,26,39,2.316
17,26,39,-0.7070000000000001
17,26,39,-4.272
17,26,39,-5.432
17,26,39,0.763
17,26,39,2.9589999999999996
17,26,39,0.56
17,26,39,0.8190000000000001
17,26,39,-0.47200000000000003
17,26,39,-2.685
17,26,39,-0.535
17,26,39,0.321
17,26,39,-0.145
17,26,39,-1.775
17,26,39,-4.391
17,26,39,-2.543
17,26,39,-0.16399999999999998
17,26,39,3.4530000000000003
17,26,39,3.763
17,26,39,0.332
17,26,39,-2.1069999999999998
17,26,39,-1.64
17,26,39,-0.88
17,26,39,-0.8959999999999999
17,26,39,-2.28
17,26,39,-0.9590000000000001
17,26,39,1.1
17,26,39,-3.553
17,26,39,-4.012
17,26,39,6.916
17,26,39,2.355
17,26,39,-6.2410000000000005
17,26,39,1.651
17,26,39,3.79
17,26,39,-0.004
17,26,39,-1.057
17,26,39,-6.3229999999999995
17,26,39,-5.315
17,26,39,3.0469999999999997
17,26,39,0.865
17,26,39,-0.285
17,26,39,0.879
17,26,39,-8.479
17,26,39,-0.301
17,26,39,11.478
17,26,39,-0.9990000000000001
17,26,39,-4.078
17,26,39,4.687
17,26,39,-2.758
17,26,39,-5.224
17,26,39,1.719
17,26,39,0.509
17,26,39,-3.28
17,26,39,-4.431
17,26,39,-3.0380000000000003
17,26,39,-0.9309999999999999
17,26,39,-1.02
17,26,39,0.179
17,26,39,3.551
17,26,39,-0.105
17,26,39,-1.632
17,26,39,3.5810000000000004
17,26,39,4.416
17,26,39,-1.033
17,26,39,-3.806
17,26,39,-8.442
17,26,39,-6.099
17,26,39,4.243
17,26,39,6.745
17,26,39,1.436
17,26,39,-2.085
17,26,39,-6.94
17,26,39,-9.202
17,26,39,2.699
17,26,39,8.972000000000003
17,26,39,7.52
17,26,39,-0.965
17,26,39,-5.275
17,26,39,-2.883
17,26,39,-1.5830000000000002
17,26,39,0.648
17,26,39,4.636
17,26,39,0.473
17,26,39,-6.871
17,26,39,-8.82
17,26,39,-2.79
17,26,39,2.688
17,26,39,1.249
17,26,39,1.251
17,26,39,1.5730000000000002
17,26,39,0.688
17,26,39,3.762
17,26,39,0.05
17,26,39,-1.714
17,26,39,-5.101
17,26,39,-5.8839999999999995
17,26,39,-2.263
17,26,39,-1.2890000000000001
17,26,39,-2.5869999999999997
17,26,39,-0.07200000000000001
17,26,39,2.267
17,26,39,-0.546
17,26,39,-0.086
17,26,39,5.71
17,26,39,-4.025
17,26,39,-8.281
17,26,39,0.406
17,26,39,3.088
17,26,39,-1.64
17,26,39,-4.158
17,26,39,0.966
17,26,39,2.997
17,26,39,-4.357
17,26,39,-4.124
17,26,39,7.415
17,26,39,4.4060000000000015
17,26,39,-6.443
17,26,39,-0.161
17,26,39,4.956
17,26,39,-1.6969999999999998
17,26,39,-3.82
17,26,39,-2.676
17,26,39,-2.82
17,26,39,-0.5539999999999999
17,26,39,1.301
17,26,39,-1.334
17,26,39,-0.336
17,26,39,-0.72
17,26,39,-0.711
17,26,39,0.769
17,26,39,-0.08800000000000001
17,26,39,2.0780000000000003
17,26,39,1.419
17,26,39,-3.9819999999999998
17,26,39,-3.092
17,26,39,0.9209999999999999
17,26,39,-3.571
17,26,39,-1.749
17,26,39,1.68
17,26,39,5.432
17,26,39,0.126
17,26,39,-3.533
17,26,39,-1.213
17,26,39,2.4619999999999997
17,26,39,1.288
17,26,39,1.296
17,26,39,1.575
17,26,39,-4.36
17,26,39,-7.289
17,26,39,-3.315
17,26,39,3.063
17,26,39,7.03
17,26,39,0.965
17,26,39,-2.161
17,26,39,1.3
17,26,39,-1.495
17,26,39,-1.1420000000000001
17,26,39,1.828
17,26,39,-1.713
17,26,39,-2.144
17,26,39,0.222
17,26,39,-0.825
17,26,39,-2.8160000000000003
17,26,39,0.518
17,26,39,6.888
17,26,39,-1.776
17,26,39,-5.5870000000000015
17,26,39,2.3040000000000003
17,26,39,1.5530000000000002
17,26,39,-0.225
17,26,39,-2.301
17,26,39,-2.266
17,26,39,3.7289999999999996
17,26,39,-1.575
17,26,39,-3.417
17,26,39,5.207000000000002
17,26,39,1.929
17,26,39,-2.707
17,26,39,3.241
17,26,39,0.887
17,26,39,-2.205
17,26,39,-0.588
17,26,39,-1.505
17,26,39,-1.148
17,26,39,-6.403
17,26,39,-6.084
17,26,39,6.724
17,26,39,16.437
17,26,39,4.965
17,26,39,-8.522
17,26,39,-10.076
17,26,39,-3.055
17,26,39,-8.349
17,26,39,-7.235
17,26,39,9.929
17,26,39,8.685
17,26,39,-5.6370000000000005
17,26,39,-13.011
17,26,39,-1.071
17,26,39,11.934000000000001
17,26,39,7.037000000000001
17,26,39,3.0839999999999996
17,26,39,2.206
17,26,39,-6.632999999999999
17,26,39,-19.535
17,26,39,-23.451999999999998
17,26,39,-5.251
17,26,39,12.91
17,26,39,11.357000000000001
17,26,39,7.569
17,26,39,4.591
17,26,39,5.52
17,26,39,-3.925
17,26,39,-6.544
17,26,39,2.9189999999999996
17,26,39,-0.9179999999999999
17,26,39,-2.8510000000000004
17,26,39,-1.162
17,26,39,1.922
17,26,39,1.053
17,26,39,-6.614
17,26,39,-6.518
17,26,39,3.471
17,26,39,2.9139999999999997
17,26,39,1.3119999999999998
17,26,39,3.264
17,26,39,3.69
17,26,39,-1.73
17,26,39,-1.3419999999999999
17,26,39,-1.406
17,26,39,-0.937
17,26,39,-0.115
17,26,39,-3.2769999999999997
17,26,39,-1.611
17,26,39,2.362
17,26,39,1.34
17,26,39,-2.3409999999999997
17,26,39,1.155
17,26,39,1.7269999999999999
17,26,39,-1.112
17,26,39,-2.8369999999999997
17,26,39,-2.625
17,26,39,-3.674
17,26,39,1.258
17,26,39,1.196
17,26,39,-2.5980000000000003
17,26,39,-2.865
17,26,39,0.946
17,26,39,2.168
17,26,39,-0.915
17,26,39,-0.75
17,26,39,0.765
17,26,39,1.797
17,26,39,-1.145
17,26,39,-1.9580000000000002
17,26,39,0.893
17,26,39,0.128
17,26,39,-5.0
17,26,39,-1.119
17,26,39,1.615
17,26,39,-1.5719999999999998
17,26,39,-1.681
17,26,39,0.433
17,26,39,-4.029
17,26,39,-3.6689999999999996
17,26,39,3.7260000000000004
17,26,39,0.797
17,26,39,-1.578
17,26,39,0.789
17,26,39,-0.795
17,26,39,0.205
17,26,39,-0.067
17,26,39,1.264
17,26,39,2.227
17,26,39,-1.6130000000000002
17,26,39,-3.37
17,26,39,-0.46299999999999997
17,26,39,0.893
17,26,39,-0.632
17,26,39,-0.588
17,26,39,2.654
17,26,39,-1.401
17,26,39,-4.371
17,26,39,0.987
17,26,39,2.688
17,26,39,-1.6230000000000002
17,26,39,-4.004
17,26,39,-0.36
17,26,39,-0.8240000000000001
17,26,39,-2.421
17,26,39,4.596
17,26,39,4.598
17,26,39,0.922
17,26,39,0.9390000000000001
17,26,39,2.8569999999999998
17,26,39,3.93
17,26,39,2.056
17,26,39,0.405
17,26,39,2.075
17,26,39,4.129
17,26,39,2.516
17,26,39,-2.7439999999999998
17,26,39,1.858
17,26,39,1.912
17,26,39,-3.763
17,26,39,4.463
17,26,39,6.5710000000000015
17,26,39,-5.699
17,26,39,-13.755999999999998
17,26,39,-10.031
17,26,39,-2.388
17,26,39,-5.513
17,26,39,-4.05
17,26,39,-1.993
17,26,39,5.888
17,26,39,-7.694
17,26,39,-11.055
17,26,39,17.085
17,26,39,-1.931
17,26,39,-21.923000000000002
17,26,39,-10.353
17,26,39,-7.515
17,26,39,-2.002
17,26,39,12.556
17,26,39,-7.178
17,26,39,-12.265999999999998
17,26,39,11.764000000000001
17,26,39,13.470999999999998
17,26,39,0.16399999999999998
17,26,39,2.155
17,26,39,8.079
17,26,39,-0.203
17,26,39,-1.6280000000000001
17,26,39,-1.355
17,26,39,-0.136
17,26,39,-2.57
17,26,39,-6.39
17,26,39,1.8769999999999998
17,26,39,3.234
17,26,39,-2.803
17,26,39,5.47
17,26,39,5.975
17,26,39,-1.3090000000000002
17,26,39,-0.12
17,26,39,4.61
17,26,39,-2.986
17,26,39,-2.4219999999999997
17,26,39,0.945
17,26,39,-1.5490000000000002
17,26,39,-4.295
17,26,39,-3.503
17,26,39,4.676
17,26,39,6.0429999999999975
17,26,39,-5.205
17,26,39,-3.964
17,26,39,5.724
17,26,39,-1.642
17,26,39,-7.621
17,26,39,-2.495
17,26,39,1.245
17,26,39,-6.234
17,26,39,-6.7589999999999995
17,26,39,5.037
17,26,39,7.072
17,26,39,1.5390000000000001
17,26,39,0.033
17,26,39,-0.033
17,26,39,-0.958
17,26,39,1.4280000000000002
17,26,39,-0.37
17,26,39,-1.83
17,26,39,-3.341
17,26,39,-3.2969999999999997
17,26,39,1.203
17,26,39,-0.325
17,26,39,-0.27899999999999997
17,26,39,1.237
17,26,39,-1.625
17,26,39,-3.665
17,26,39,1.618
17,26,39,4.355
17,26,39,3.176
17,26,39,-1.5219999999999998
17,26,39,-1.047
17,26,39,1.155
17,26,39,-4.277
17,26,39,-7.0020000000000024
17,26,39,2.035
17,26,39,6.11
17,26,39,2.908
17,26,39,-4.435
17,26,39,-5.0680000000000005
17,26,39,1.811
17,26,39,0.057999999999999996
17,26,39,-3.675
17,26,39,2.929
17,26,39,3.307
17,26,39,-5.058
17,26,39,-5.01
17,26,39,2.465
17,26,39,-0.765
17,26,39,-4.73
17,26,39,5.362
17,26,39,1.27
17,26,39,-6.79
17,26,39,-0.373
17,26,39,4.218
17,26,39,-0.319
17,26,39,-5.66
17,26,39,-1.578
17,26,39,3.1430000000000002
17,26,39,-1.7630000000000001
17,26,39,-1.383
17,26,39,3.0610000000000004
17,26,39,0.349
17,26,39,-3.3089999999999997
17,26,39,0.643
17,26,39,3.2
17,26,39,-2.675
17,26,39,0.275
17,26,39,6.519
17,26,39,-7.178999999999999
17,26,39,-11.918
17,26,39,7.0829999999999975
17,26,39,5.6720000000000015
17,26,39,-7.556
17,26,39,-7.919
17,26,39,-1.075
17,26,39,4.3
17,26,39,-0.14400000000000002
17,26,39,-0.132
17,26,39,3.3110000000000004
17,26,39,1.088
17,26,39,-5.867000000000001
17,26,39,-3.5989999999999998
17,26,39,2.488
17,26,39,-1.254
17,26,39,-1.195
17,26,39,3.147
17,26,39,-1.524
17,26,39,-5.045
17,26,39,-1.305
17,26,39,2.7439999999999998
17,26,39,-0.27
17,26,39,-0.8759999999999999
17,26,39,-0.226
17,26,39,-1.165
17,26,39,-1.756
17,26,39,1.5619999999999998
17,26,39,4.569
17,26,39,-0.867
17,26,39,-4.2860000000000005
17,26,39,2.658
17,26,39,6.617999999999999
17,26,39,-1.8969999999999998
17,26,39,-12.530999999999999
17,26,39,-5.1080000000000005
17,26,39,6.155
17,26,39,2.778
17,26,39,0.948
17,26,39,2.177
17,26,39,0.778
17,26,39,-3.323
17,26,39,-6.563
17,26,39,2.263
17,26,39,4.577
17,26,39,-2.448
17,26,39,-3.1239999999999997
17,26,39,-0.159
17,26,39,-1.618
17,26,39,-0.32899999999999996
17,26,39,2.818
17,26,39,2.2119999999999997
17,26,39,1.212
17,26,39,-2.459
17,26,39,-4.104
17,26,39,-2.42
17,26,39,2.244
17,26,39,2.431
17,26,39,-1.36
17,26,39,-2.985
17,26,39,-3.063
17,26,39,0.043
17,26,39,3.46
17,26,39,-5.143
17,26,39,-1.104
17,26,39,4.352
17,26,39,-2.79
17,26,39,-4.026
17,26,39,1.445
17,26,39,2.185
17,26,39,1.02
17,26,39,-1.379
17,26,39,0.025
17,26,39,3.265
17,26,39,-3.1069999999999998
17,26,39,-5.007
17,26,39,-1.925
17,26,39,0.34299999999999997
17,26,39,-0.743
17,26,39,0.97
17,26,39,-2.426
17,26,39,-0.507
17,26,39,6.249
17,26,39,0.19699999999999998
17,26,39,-5.4220000000000015
17,26,39,1.0190000000000001
17,26,39,3.734
17,26,39,-3.025
17,26,39,-4.0569999999999995
17,26,39,0.988
17,26,39,-2.605
17,26,39,-3.665
17,26,39,1.8619999999999999
17,26,39,4.131
17,26,39,-1.534
17,26,39,-3.509
17,26,39,3.3789999999999996
17,26,39,3.4010000000000002
17,26,39,1.641
17,26,39,2.62
17,26,39,-2.35
17,26,39,-7.4620000000000015
17,26,39,-3.4389999999999996
17,26,39,0.442
17,26,39,0.095
17,26,39,0.62
17,26,39,0.7490000000000001
17,26,39,1.0070000000000001
17,26,39,-3.6460000000000004
17,26,39,-5.1960000000000015
17,26,39,2.878
17,26,39,3.409
17,26,39,-3.4789999999999996
17,26,39,-3.054
17,26,39,4.3210000000000015
17,26,39,8.574
17,26,39,-0.287
17,26,39,-3.2289999999999996
17,26,39,-1.367
17,26,39,-2.274
17,26,39,-6.0429999999999975
17,26,39,-0.5479999999999999
17,26,39,5.47
17,26,39,1.7080000000000002
17,26,39,-0.8270000000000001
17,26,39,0.713
17,26,39,0.826
17,26,39,0.62
17,26,39,0.165
17,26,39,-0.9620000000000001
17,26,39,-1.524
17,26,39,-3.1489999999999996
17,26,39,-3.136
17,26,39,-1.4580000000000002
17,26,39,0.08900000000000001
17,26,39,0.894
17,26,39,3.07
17,26,39,0.511
17,26,39,-3.2889999999999997
17,26,39,0.401
17,26,39,3.685
17,26,39,-3.75
17,26,39,-2.066
17,26,39,1.087
17,26,39,-3.4160000000000004
17,26,39,-0.467
17,26,39,-0.84
17,26,39,-1.421
17,26,39,-2.509
17,26,39,-2.2569999999999997
17,26,39,2.508
17,26,39,-1.325
17,26,39,-6.5820000000000025
17,26,39,0.275
17,26,39,7.415
17,26,39,3.86
17,26,39,-3.14
17,26,39,-3.591
17,26,39,-3.5260000000000002
17,26,39,-2.096
17,26,39,1.9480000000000002
17,26,39,0.905
17,26,39,-2.975
17,26,39,-1.265
17,26,39,-0.877
17,26,39,-0.951
17,26,39,2.7910000000000004
17,26,39,-0.763
17,26,39,-0.9890000000000001
17,26,39,0.597
17,26,39,-4.074
17,26,39,0.397
17,26,39,4.387
17,26,39,-1.936
17,26,39,-1.325
17,26,39,2.028
17,26,39,-0.428
17,26,39,-3.792
17,26,39,0.872
17,26,39,4.2669999999999995
17,26,39,-4.5710000000000015
17,26,39,-5.4
17,26,39,1.875
17,26,39,1.962
17,26,39,-3.3510000000000004
17,26,39,0.114
17,26,39,4.898
17,26,39,1.571
17,26,39,1.535
17,26,39,-3.412
17,26,39,-8.845
17,26,39,2.6319999999999997
17,26,39,4.872
17,26,39,-2.44
17,26,39,1.54
17,26,39,-1.801
17,26,39,-6.1679999999999975
17,26,39,1.995
17,26,39,3.359
17,26,39,1.604
17,26,39,2.496
17,26,39,-1.6969999999999998
17,26,39,-4.848
17,26,39,-2.615
17,26,39,-0.7140000000000001
17,26,39,3.81
17,26,39,5.566
17,26,39,-3.322
17,26,39,-2.9939999999999998
17,26,39,-1.1179999999999999
17,26,39,-4.08
17,26,39,4.282
17,26,39,9.32
17,26,39,-2.592
17,26,39,-6.218
17,26,39,0.9159999999999999
17,26,39,0.069
17,26,39,-3.647
17,26,39,4.253
17,26,39,2.872
17,26,39,-5.882999999999999
17,26,39,-2.45
17,26,39,-2.945
17,26,39,-2.291
17,26,39,1.531
17,26,39,6.856
17,26,39,6.859
17,26,39,-0.728
17,26,39,-8.056000000000001
17,26,39,-4.583
17,26,39,0.9259999999999999
17,26,39,-3.577
17,26,39,-3.3
17,26,39,2.029
17,26,39,-2.137
17,26,39,1.425
17,26,39,2.002
17,26,39,3.7569999999999997
17,26,39,2.208
17,26,39,-5.7
17,26,39,0.618
17,26,39,5.36
17,26,39,-0.10400000000000001
17,26,39,-1.155
17,26,39,-1.101
17,26,39,-4.66
17,26,39,-5.856
17,26,39,-1.712
17,26,39,0.884
17,26,39,0.894
17,26,39,3.742
17,26,39,4.71
17,26,39,0.8009999999999999
17,26,39,-2.615
17,26,39,-4.687
17,26,39,-5.2
17,26,39,-1.9769999999999999
17,26,39,4.93
17,26,39,3.127
17,26,39,-0.057
17,26,39,-0.976
17,26,39,0.993
17,26,39,6.218
17,26,39,-4.423
17,26,39,-5.285
17,26,39,3.565
17,26,39,-4.698
17,26,39,-8.497
17,26,39,5.62
17,26,39,10.016
17,26,39,-3.62
17,26,39,-3.772
17,26,39,-2.263
17,26,39,-8.116
17,26,39,-0.305
17,26,39,9.252
17,26,39,3.781
17,26,39,-1.932
17,26,39,-1.2229999999999999
17,26,39,-6.097
17,26,39,-3.611
17,26,39,5.3260000000000005
17,26,39,4.343999999999999
17,26,39,-0.6629999999999999
17,26,39,-6.664
17,26,39,-0.35100000000000003
17,26,39,4.802
17,26,39,-1.5230000000000001
17,26,39,1.935
17,26,39,1.041
17,26,39,-6.15
17,26,39,-3.966
17,26,39,1.982
17,26,39,0.696
17,26,39,-1.344
17,26,39,-1.111
17,26,39,-1.699
17,26,39,-1.824
17,26,39,-2.162
17,26,39,-2.858
17,26,39,-0.313
17,26,39,2.9219999999999997
17,26,39,-2.5810000000000004
17,26,39,-0.7040000000000001
17,26,39,2.984
17,26,39,-0.488
17,26,39,-1.1179999999999999
17,26,39,0.07200000000000001
17,26,39,-1.659
17,26,39,-3.9589999999999996
17,26,39,-2.713
17,26,39,1.22
17,26,39,2.435
17,26,39,-0.773
17,26,39,-1.484
17,26,39,-0.409
17,26,39,1.956
17,26,39,-0.6809999999999999
17,26,39,-2.681
17,26,39,-0.35100000000000003
17,26,39,-2.226
17,26,39,-5.926
17,26,39,0.598
17,26,39,3.42
17,26,39,2.029
17,26,39,1.742
17,26,39,-2.415
17,26,39,-2.593
17,26,39,2.129
17,26,39,-2.299
17,26,39,-1.844
17,26,39,2.146
17,26,39,0.47
